# JLPT Vocabulary Database (N5=1, N4=2, N3=3, N2=4, N1=5)
# Word	Level
expression	1
reading	1
〜を	1
ああ	1
あう	1
あお	1
あおい	1
あか	1
あかい	1
あかるい	1
あき	1
あく	1
あける	1
あげる	1
あさ	1
あさごはん	1
あさって	1
あし	1
あした	1
あそこ	1
あそぶ	1
あたたかい	1
あたま	1
あたらしい	1
あちら	1
あっち	1
あつい	1
あと	1
あなた	1
あに	1
あね	1
あの	1
あびる	1
あぶない	1
あまい	1
あまり	1
あめ	1
あらう	1
ある	1
あるく	1
あれ	1
いい	1
いいえ	1
いう	1
いえ	1
いかが	1
いく	1
いくつ	1
いくら	1
いけ	1
いしゃ	1
いす	1
いそがしい	1
いたい	1
いち	1
いちにち	1
いちばん	1
いっしょ	1
いつ	1
いつか	1
いつつ	1
いつも	1
いぬ	1
いま	1
いみ	1
いもうと	1
いや	1
いりぐち	1
いる	1
いれる	1
いろ	1
いろいろ	1
うえ	1
うしろ	1
うすい	1
うた	1
うたう	1
うち	1
うまれる	1
うみ	1
うる	1
うるさい	1
うわぎ	1
え	1
えいが	1
えいがかん	1
えいご	1
ええ	1
えき	1
えんぴつ	1
おいしい	1
おおい	1
おおきい	1
おおきな	1
おおぜい	1
おかあさん	1
おかし	1
おかね	1
おきる	1
おく	1
おくさん	1
おさけ	1
おさら	1
おしえる	1
おじいさん	1
おじさん	1
おす	1
おそい	1
おちゃ	1
おてあらい	1
おとうさん	1
おとうと	1
おとこ	1
おとこのこ	1
おととい	1
おととし	1
おとな	1
おなか	1
おなじ	1
おにいさん	1
おねえさん	1
おばあさん	1
おばさん	1
おふろ	1
おべんとう	1
おぼえる	1
おまわりさん	1
おもい	1
おもしろい	1
およぐ	1
おりる	1
おわる	1
おんがく	1
おんな	1
おんなのこ	1
お兄さん	1
お姉さん	1
お弁当	1
お手洗い	1
お母さん	1
お父さん	1
お皿	1
お腹	1
お茶	1
お菓子	1
お酒	1
お金	1
お風呂	1
お～	1
かいしゃ	1
かいだん	1
かいもの	1
かう	1
かえす	1
かえる	1
かお	1
かかる	1
かぎ	1
かく	1
かける	1
かさ	1
かす	1
かぜ	1
かぞく	1
かた	1
かたかな	1
かてい	1
かど	1
かばん	1
かびん	1
かぶる	1
かみ	1
かようび	1
からい	1
からだ	1
かりる	1
かるい	1
かわ	1
かわいい	1
かんじ	1
がいこく	1
がいこくじん	1
がくせい	1
がっこう	1
き	1
きいろ	1
きいろい	1
きえる	1
きく	1
きた	1
きたない	1
きっさてん	1
きって	1
きっぷ	1
きのう	1
きゅう	1
きょう	1
きょうしつ	1
きょうだい	1
きょねん	1
きらい	1
きる	1
きれい	1
きんようび	1
ぎゅうにく	1
ぎゅうにゅう	1
ぎんこう	1
く	1
くすり	1
ください	1
くだもの	1
くち	1
くつ	1
くつした	1
くに	1
くもり	1
くもる	1
くらい	1
くる	1
くるま	1
くろ	1
くろい	1
ぐらい	1
けいかん	1
けさ	1
けす	1
けっこう	1
けっこん	1
げつようび	1
げんかん	1
げんき	1
こうえん	1
こうさてん	1
こうちゃ	1
こうばん	1
こえ	1
ここ	1
ここのか	1
ここのつ	1
こたえる	1
こちら	1
こっち	1
ことし	1
ことば	1
こども	1
この	1
こまる	1
これ	1
こんげつ	1
こんしゅう	1
こんな	1
こんばん	1
ご	1
ごご	1
ごぜん	1
ごはん	1
さあ	1
さいふ	1
さかな	1
さき	1
さく	1
さくぶん	1
さす	1
さとう	1
さむい	1
さらいねん	1
さん	1
さんぽ	1
さ来年	1
ざっし	1
し	1
しお	1
しかし	1
しごと	1
しずか	1
した	1
しち	1
しつもん	1
しぬ	1
しまる	1
しめる	1
しゃしん	1
しゅくだい	1
しょうゆ	1
しょくどう	1
しる	1
しろ	1
しろい	1
しんぶん	1
じかん	1
じしょ	1
じてんしゃ	1
じどうしゃ	1
じびき	1
じぶん	1
じゃ	1
じゃあ	1
じゅう	1
じゅぎょう	1
じょうず	1
じょうぶ	1
すいようび	1
すう	1
すき	1
すくない	1
すぐに	1
すこし	1
すずしい	1
すむ	1
する	1
すわる	1
せい	1
せいと	1
せっけん	1
せびろ	1
せまい	1
せん	1
せんげつ	1
せんしゅう	1
せんせい	1
せんたく	1
ぜんぶ	1
そう	1
そうして	1
そうじ	1
そうです	1
そこ	1
そして	1
そちら	1
そっち	1
そと	1
その	1
そば	1
そら	1
それ	1
それから	1
それでは	1
たいしかん	1
たいせつ	1
たいへん	1
たかい	1
たくさん	1
たつ	1
たて	1
たてもの	1
たのしい	1
たのむ	1
たばこ	1
たぶん	1
たべもの	1
たべる	1
たまご	1
たんじょうび	1
だいがく	1
だいじょうぶ	1
だいすき	1
だいどころ	1
だす	1
だれ	1
だれか	1
だんだん	1
ちいさい	1
ちいさな	1
ちかい	1
ちかく	1
ちかてつ	1
ちがう	1
ちず	1
ちち	1
ちゃいろ	1
ちゃわん	1
ちょうど	1
ちょっと	1
ついたち	1
つかう	1
つかれる	1
つぎ	1
つく	1
つくえ	1
つくる	1
つける	1
つとめる	1
つまらない	1
つめたい	1
つよい	1
て	1
てがみ	1
てんき	1
でかける	1
できる	1
でぐち	1
では	1
でも	1
でる	1
でんき	1
でんしゃ	1
でんわ	1
と	1
とお	1
とおい	1
とおか	1
ときどき	1
とけい	1
ところ	1
とし	1
としょかん	1
とても	1
となり	1
とぶ	1
とまる	1
ともだち	1
とり	1
とりにく	1
とる	1
どう	1
どうして	1
どうぞ	1
どうぶつ	1
どうも	1
どこ	1
どちら	1
どっち	1
どなた	1
どの	1
どようび	1
どれ	1
どんな	1
ない	1
なか	1
ながい	1
なく	1
なくす	1
なぜ	1
なつ	1
なつやすみ	1
ななつ	1
なに	1
なのか	1
なまえ	1
ならう	1
ならぶ	1
ならべる	1
なる	1
なん	1
なん～	1
に	1
にぎやか	1
にく	1
にし	1
にちようび	1
にもつ	1
にわ	1
ぬぐ	1
ぬるい	1
ねこ	1
ねる	1
のぼる	1
のみもの	1
のむ	1
のる	1
は	1
はい	1
はいざら	1
はいる	1
はがき	1
はく	1
はこ	1
はし	1
はしる	1
はじまる	1
はじめ	1
はじめて	1
はたち	1
はたらく	1
はち	1
はつか	1
はな	1
はなし	1
はなす	1
はは	1
はやい	1
はる	1
はれ	1
はれる	1
はん	1
はんぶん	1
ばん	1
ばんごう	1
ばんごはん	1
ひがし	1
ひく	1
ひくい	1
ひこうき	1
ひだり	1
ひと	1
ひとつ	1
ひとつき	1
ひとり	1
ひま	1
ひゃく	1
ひらがな	1
ひる	1
ひるごはん	1
ひろい	1
びょういん	1
びょうき	1
ふうとう	1
ふく	1
ふたつ	1
ふたり	1
ふつか	1
ふとい	1
ふゆ	1
ふる	1
ふるい	1
ぶたにく	1
ぶんしょう	1
へた	1
へや	1
へん	1
べんきょう	1
べんり	1
ほか	1
ほしい	1
ほそい	1
ほん	1
ほんだな	1
ほんとう	1
ぼうし	1
まいあさ	1
まいげつ	1
まいしゅう	1
まいつき	1
まいとし	1
まいにち	1
まいねん	1
まいばん	1
まえ	1
まがる	1
まずい	1
また	1
まだ	1
まち	1
まっすぐ	1
まつ	1
まど	1
まるい	1
まん	1
まんねんひつ	1
みがく	1
みぎ	1
みじかい	1
みず	1
みせ	1
みせる	1
みち	1
みっか	1
みっつ	1
みどり	1
みなさん	1
みなみ	1
みみ	1
みる	1
みんな	1
むいか	1
むこう	1
むずかしい	1
むっつ	1
むら	1
め	1
めがね	1
もう	1
もくようび	1
もしもし	1
もっと	1
もつ	1
もの	1
もん	1
もんだい	1
やおや	1
やさい	1
やさしい	1
やすい	1
やすみ	1
やすむ	1
やっつ	1
やま	1
やる	1
ゆうがた	1
ゆうはん	1
ゆうびんきょく	1
ゆうべ	1
ゆうめい	1
ゆき	1
ゆく	1
ゆっくりと	1
よい	1
ようか	1
ようふく	1
よく	1
よこ	1
よっか	1
よっつ	1
よぶ	1
よむ	1
よる	1
よわい	1
らいげつ	1
らいしゅう	1
らいねん	1
りっぱ	1
りゅうがくせい	1
りょうしん	1
りょうり	1
りょこう	1
れい	1
れいぞうこ	1
れんしゅう	1
ろうか	1
ろく	1
わかい	1
わかる	1
わすれる	1
わたくし	1
わたし	1
わたす	1
わたる	1
わるい	1
アパート	1
エレベーター	1
カップ	1
カメラ	1
カレンダー	1
カレー	1
キロ	1
キログラム	1
キロメートル	1
ギター	1
クラス	1
グラム	1
コップ	1
コピーする	1
コート	1
コーヒー	1
シャツ	1
シャワー	1
スカート	1
ストーブ	1
スプーン	1
スポーツ	1
ズボン	1
セーター	1
ゼロ	1
タクシー	1
テスト	1
テレビ	1
テーブル	1
テープ	1
テープレコーダー	1
デパート	1
トイレ	1
ドア	1
ナイフ	1
ニュース	1
ネクタイ	1
ノート	1
ハンカチ	1
バス	1
バター	1
パン	1
パーティー	1
フィルム	1
フォーク	1
プール	1
ベッド	1
ペット	1
ペン	1
ページ	1
ホテル	1
ボタン	1
ボールペン	1
ポケット	1
ポスト	1
マッチ	1
メートル	1
ラジオ	1
ラジオカセ	1
レコード	1
レストラン	1
ワイシャツ	1
一	1
一つ	1
一人	1
一日	1
一昨日	1
一月	1
一番	1
一緒	1
丁度	1
七	1
七つ	1
七日	1
万	1
万年筆	1
丈夫	1
三	1
三つ	1
三日	1
上	1
上げる	1
上手	1
上着	1
下	1
下さい	1
下手	1
両親	1
並ぶ	1
並べる	1
中	1
丸い	1
乗る	1
九	1
九つ	1
九日	1
二	1
二つ	1
二人	1
二十日	1
二十歳	1
二日	1
五	1
五つ	1
五日	1
交差点	1
交番	1
人	1
今	1
今年	1
今日	1
今晩	1
今月	1
今朝	1
今週	1
仕事	1
休み	1
休む	1
会う	1
会社	1
伯母さん	1
伯父	1
低い	1
住む	1
体	1
何	1
何～	1
余り	1
作る	1
作文	1
使う	1
便利	1
借りる	1
傘	1
働く	1
元気	1
兄	1
兄弟	1
先	1
先月	1
先生	1
先週	1
入る	1
入れる	1
入口	1
全部	1
八	1
八つ	1
八日	1
八百屋	1
公園	1
六	1
六つ	1
六日	1
円い	1
写真	1
冬	1
冷たい	1
冷蔵庫	1
出かける	1
出す	1
出る	1
出口	1
分かる	1
切る	1
切手	1
切符	1
初め	1
初めて	1
前	1
勉強	1
動物	1
勤める	1
北	1
医者	1
十	1
十日	1
千	1
午前	1
午後	1
半	1
半分	1
南	1
危ない	1
卵	1
厚い	1
去年	1
友達	1
叔母さん	1
叔父さん	1
取る	1
口	1
古い	1
可愛い	1
台所	1
右	1
同じ	1
名前	1
向こう	1
吸う	1
吹く	1
呼ぶ	1
咲く	1
問題	1
喫茶店	1
四	1
四つ	1
四日	1
困る	1
図書館	1
国	1
土曜日	1
在る	1
地下鉄	1
地図	1
塩	1
声	1
売る	1
夏	1
夏休み	1
夕方	1
夕飯	1
外	1
外国	1
外国人	1
多い	1
多分	1
夜	1
大きい	1
大きな	1
大丈夫	1
大人	1
大使館	1
大切	1
大勢	1
大変	1
大好き	1
大学	1
天気	1
太い	1
奥さん	1
女	1
女の子	1
好き	1
妹	1
姉	1
始まる	1
始め	1
嫌	1
嫌い	1
子供	1
字引	1
学校	1
学生	1
安い	1
家	1
家庭	1
家族	1
宿題	1
寒い	1
寝る	1
封筒	1
小さい	1
小さな	1
少し	1
少ない	1
居る	1
山	1
川	1
左	1
差す	1
帰る	1
帽子	1
平仮名	1
年	1
広い	1
店	1
座る	1
庭	1
廊下	1
建物	1
引く	1
弟	1
弱い	1
強い	1
弾く	1
待つ	1
後	1
後ろ	1
御飯	1
忘れる	1
忙しい	1
悪い	1
意味	1
戸	1
所	1
手	1
手紙	1
押す	1
持つ	1
掃除	1
授業	1
掛ける	1
撮る	1
教える	1
教室	1
散歩	1
文章	1
料理	1
新しい	1
新聞	1
方	1
旅行	1
日曜日	1
早い	1
明るい	1
明後日	1
明日	1
易しい	1
映画	1
映画館	1
春	1
昨夜	1
昨日	1
昼	1
昼御飯	1
時々	1
時計	1
時間	1
晩	1
晩御飯	1
晴れ	1
晴れる	1
暇	1
暑い	1
暖かい	1
暗い	1
曇り	1
曇る	1
曲る	1
書く	1
月曜日	1
有る	1
有名	1
服	1
朝	1
朝御飯	1
木	1
木曜日	1
本	1
本当	1
本棚	1
机	1
村	1
来る	1
来年	1
来月	1
来週	1
東	1
果物	1
椅子	1
楽しい	1
横	1
橋	1
次	1
欲しい	1
歌	1
歌う	1
止まる	1
歩く	1
歯	1
死ぬ	1
段々	1
母	1
毎年	1
毎日	1
毎晩	1
毎月	1
毎朝	1
毎週	1
水	1
水曜日	1
汚い	1
池	1
沢山	1
河	1
泳ぐ	1
洋服	1
洗う	1
洗濯	1
浴びる	1
海	1
消える	1
消す	1
涼しい	1
渡す	1
渡る	1
温い	1
漢字	1
火曜日	1
灰皿	1
無くす	1
熱い	1
父	1
片仮名	1
牛乳	1
牛肉	1
物	1
犬	1
狭い	1
猫	1
玄関	1
甘い	1
生まれる	1
生徒	1
男	1
男の子	1
町	1
留学生	1
番号	1
疲れる	1
病気	1
病院	1
痛い	1
登る	1
白	1
白い	1
百	1
皆さん	1
目	1
眼鏡	1
着く	1
着る	1
知る	1
短い	1
石鹸	1
砂糖	1
磨く	1
私	1
秋	1
空	1
窓	1
立つ	1
答える	1
箱	1
箸	1
紅茶	1
紙	1
細い	1
終る	1
結婚	1
結構	1
絵	1
綺麗	1
緑	1
締める	1
練習	1
置く	1
美味しい	1
習う	1
耳	1
聞く	1
肉	1
背	1
背広	1
脚	1
脱ぐ	1
自分	1
自動車	1
自転車	1
色	1
色々	1
花	1
花瓶	1
若い	1
英語	1
茶碗	1
茶色	1
荷物	1
葉書	1
薄い	1
薬	1
行く	1
西	1
要る	1
見せる	1
見る	1
覚える	1
角	1
言う	1
言葉	1
話	1
話す	1
誕生日	1
読む	1
誰	1
誰か	1
警官	1
豚肉	1
財布	1
買い物	1
買う	1
貸す	1
貼る	1
質問	1
赤	1
赤い	1
走る	1
起きる	1
足	1
車	1
軽い	1
辛い	1
辞書	1
辺	1
近い	1
近く	1
返す	1
速い	1
遅い	1
遊ぶ	1
道	1
違う	1
遠い	1
部屋	1
郵便局	1
醤油	1
重い	1
野菜	1
金曜日	1
鉛筆	1
銀行	1
鍵	1
長い	1
門	1
閉まる	1
閉める	1
開く	1
開ける	1
降りる	1
降る	1
階段	1
隣	1
雑誌	1
難しい	1
雨	1
雪	1
零	1
電気	1
電話	1
電車	1
青	1
青い	1
静か	1
面白い	1
靴	1
靴下	1
音楽	1
頭	1
頼む	1
顔	1
風	1
風邪	1
飛ぶ	1
飛行機	1
食べる	1
食べ物	1
食堂	1
飲み物	1
飲む	1
飴	1
駅	1
高い	1
魚	1
鳥	1
鳴く	1
鶏肉	1
黄色	1
黄色い	1
黒	1
黒い	1
鼻	1
～えん	1
～かい	1
～かげつ	1
～か月	1
～がつ	1
～がる	1
～がわ	1
～くらい	1
～こ	1
～ころ	1
～ご	1
～ごろ	1
～さい	1
～さつ	1
～さん	1
～しゅうかん	1
～じ	1
～じかん	1
～じゅう	1
～じん	1
～すぎ	1
～ずつ	1
～たち	1
～だい	1
～だけ	1
～ちゅう	1
～とき	1
～ど	1
～など	1
～にち	1
～にん	1
～ねん	1
～はい	1
～ばん	1
～ひき	1
～ふん	1
～ほん	1
～まい	1
～まえ	1
～や	1
～中	1
～人	1
～個	1
～側	1
～円	1
～冊	1
～分	1
～前	1
～匹	1
～台	1
～回	1
～屋	1
～年	1
～度	1
～日	1
～時	1
～時間	1
～月	1
～本	1
～杯	1
～枚	1
～歳	1
～番	1
～語	1
～週間	1
～階	1
あ	2
あいさつする	2
あいだ	2
あかちゃん	2
あかんぼう	2
あがる	2
あさい	2
あじ	2
あす	2
あそび	2
あつまる	2
あつめる	2
あやまる	2
あんしん	2
あんぜん	2
あんな	2
あんないする	2
いか	2
いがい	2
いがく	2
いきる	2
いくら～ても	2
いけん	2
いし	2
いじめる	2
いじょう	2
いそぐ	2
いたす	2
いただく	2
いちど	2
いっしょうけんめい	2
いっぱい	2
いと	2
いない	2
いなか	2
いのる	2
いらっしゃる	2
うえる	2
うかがう	2
うけつけ	2
うける	2
うごく	2
うそ	2
うつ	2
うつくしい	2
うつす	2
うつる	2
うで	2
うまい	2
うら	2
うりば	2
うれしい	2
うん	2
うんてんしゅ	2
うんてんする	2
うんどうする	2
えだ	2
えらぶ	2
えんりょする	2
おいでになる	2
おいわい	2
おかげ	2
おかしい	2
おかねもち	2
おくじょう	2
おくりもの	2
おくる	2
おくれる	2
おこさん	2
おこす	2
おこなう	2
おこる	2
おしいれ	2
おじょうさん	2
おたく	2
おちる	2
おっしゃる	2
おっと	2
おつり	2
おと	2
おとす	2
おどり	2
おどる	2
おどろく	2
おまつり	2
おみまい	2
おみやげ	2
おもいだす	2
おもう	2
おもちゃ	2
おもて	2
おや	2
おる	2
おれい	2
おれる	2
おわり	2
お土産	2
お嬢さん	2
お子さん	2
お宅	2
お礼	2
お祝い	2
お祭り	2
お見舞い	2
お金持ち	2
お陰	2
かいがん	2
かいぎ	2
かいぎしつ	2
かいじょう	2
かいわ	2
かえり	2
かがく	2
かがみ	2
かざる	2
かじ	2
かたい	2
かたち	2
かたづける	2
かちょう	2
かっこう	2
かつ	2
かない	2
かなしい	2
かならず	2
かねもち	2
かのじょ	2
かべ	2
かまう	2
かむ	2
かよう	2
かれ	2
かれら	2
かわく	2
かわり	2
かわる	2
かんがえる	2
かんけい	2
かんごふ	2
かんたん	2
がんばる	2
きかい	2
きけん	2
きこえる	2
きしゃ	2
きせつ	2
きそく	2
きっと	2
きぬ	2
きびしい	2
きぶん	2
きまる	2
きみ	2
きめる	2
きもち	2
きもの	2
きゃく	2
きゅうこう	2
きょういく	2
きょうかい	2
きょうそう	2
きょうみ	2
きんじょ	2
ぎじゅつ	2
くうき	2
くうこう	2
くさ	2
くださる	2
くび	2
くも	2
くらべる	2
くれる	2
ぐあい	2
け	2
けいかくする	2
けいけんする	2
けいさつ	2
けいざい	2
けがする	2
けしき	2
けしゴム	2
けっして	2
けれど	2
けれども	2
けんかする	2
けんきゅう	2
けんきゅうしつ	2
けんぶつ	2
げしゅく	2
げんいん	2
こ	2
こう	2
こうがい	2
こうぎ	2
こうぎょう	2
こうこう	2
こうこうせい	2
こうじょう	2
こうちょう	2
こうつう	2
こうとうがっこう	2
こうどう	2
こうむいん	2
こくさい	2
こころ	2
こしょうする	2
こたえ	2
こと	2
ことり	2
このあいだ	2
このごろ	2
この間	2
この頃	2
こまかい	2
こむ	2
こめ	2
これから	2
こわい	2
こわす	2
こわれる	2
こんど	2
こんや	2
ごしゅじん	2
ごぞんじ	2
ごちそう	2
ごみ	2
ごらんになる	2
ご主人	2
ご存じ	2
ご～	2
さいきん	2
さいご	2
さいしょ	2
さか	2
さかん	2
さがす	2
さがる	2
さげる	2
さしあげる	2
さっき	2
さびしい	2
さらいげつ	2
さらいしゅう	2
さわぐ	2
さわる	2
さんぎょう	2
ざんねん	2
しあい	2
しかた	2
しかる	2
しけん	2
したぎ	2
したくする	2
しっかり	2
しっぱい	2
しつれい	2
しなもの	2
しばらく	2
しま	2
しまう	2
しみん	2
しゃかい	2
しゃちょう	2
しゅうかん	2
しゅっせきする	2
しゅっぱつする	2
しゅみ	2
しょうかい	2
しょうがっこう	2
しょうがつ	2
しょうせつ	2
しょうたいする	2
しょうちする	2
しょうらい	2
しょくじする	2
しょくりょうひん	2
しらせる	2
しらべる	2
しんせつ	2
しんぱいする	2
しんぶんしゃ	2
じ	2
じこ	2
じしん	2
じだい	2
じてん	2
じむしょ	2
じゃま	2
じゅうしょ	2
じゅうどう	2
じゅうぶん	2
じゅんびする	2
じゆう	2
じょせい	2
じんこう	2
じんじゃ	2
すいえい	2
すいどう	2
すうがく	2
すぎる	2
すく	2
すごい	2
すすむ	2
すっかり	2
すっと	2
すてる	2
すな	2
すばらしい	2
すべる	2
すみ	2
すり	2
すると	2
ずいぶん	2
せいかつする	2
せいさんする	2
せいじ	2
せいよう	2
せかい	2
せき	2
せつめい	2
せなか	2
せわする	2
せんそう	2
せんぱい	2
せんもん	2
ぜひ	2
ぜんぜん	2
そうだんする	2
そだてる	2
そつぎょう	2
そふ	2
そぼ	2
それで	2
それに	2
それほど	2
そろそろ	2
そんな	2
そんなに	2
たいいんする	2
たいてい	2
たいふう	2
たおれる	2
たしか	2
たす	2
たずねる	2
たたみ	2
ただしい	2
たてる	2
たとえば	2
たな	2
たのしみ	2
たのしむ	2
たまに	2
ため	2
たりる	2
だいがくせい	2
だいじ	2
だいたい	2
だいぶ	2
だから	2
だめ	2
だんせい	2
だんぼう	2
ち	2
ちから	2
ちっとも	2
ちゅうい	2
ちゅうがっこう	2
ちゅうしゃ	2
ちゅうしゃじょう	2
ちり	2
ついて	2
つかまえる	2
つき	2
つごう	2
つたえる	2
つつむ	2
つづく	2
つづける	2
つま	2
つもり	2
つる	2
つれる	2
ていねい	2
てきとう	2
てつだう	2
てぶくろ	2
てら	2
てん	2
てんいん	2
てんきよほう	2
てんらんかい	2
できるだけ	2
でんとう	2
でんぽう	2
とうとう	2
とおく	2
とおり	2
とおる	2
とくに	2
とくべつ	2
とこや	2
とちゅう	2
とっきゅう	2
とどける	2
とめる	2
とりかえる	2
どうぐ	2
どうぶつえん	2
どろぼう	2
どんどん	2
なおす	2
なおる	2
なかなか	2
なくなる	2
なげる	2
なさる	2
なるべく	2
なるほど	2
なれる	2
におい	2
にがい	2
にげる	2
にっき	2
にゅういんする	2
にゅうがくする	2
にる	2
にんぎょう	2
ぬすむ	2
ぬる	2
ぬれる	2
ねだん	2
ねっしん	2
ねつ	2
ねぼう	2
ねむい	2
ねむる	2
のこる	2
のど	2
のりかえる	2
のりもの	2
はいけんする	2
はいしゃ	2
はこぶ	2
はじめる	2
はず	2
はずかしい	2
はっきり	2
はつおん	2
はなみ	2
はやし	2
はらう	2
はんたい	2
ばあい	2
ばい	2
ばしょ	2
ばんぐみ	2
ひ	2
ひえる	2
ひかり	2
ひかる	2
ひきだし	2
ひげ	2
ひこうじょう	2
ひさしぶり	2
ひじょうに	2
ひっこす	2
ひつよう	2
ひどい	2
ひらく	2
ひるま	2
ひるやすみ	2
ひろう	2
びじゅつかん	2
びっくりする	2
ふえる	2
ふかい	2
ふくざつ	2
ふくしゅう	2
ふつう	2
ふとる	2
ふとん	2
ふね	2
ふべん	2
ふむ	2
ぶちょう	2
ぶどう	2
ぶんか	2
ぶんがく	2
ぶんぽう	2
へんじ	2
べつ	2
ほうそうする	2
ほうりつ	2
ほし	2
ほとんど	2
ほど	2
ほめる	2
ほんやく	2
ぼうえき	2
ぼく	2
まいる	2
まける	2
まじめ	2
まず	2
または	2
まちがえる	2
まにあう	2
まわり	2
まわる、まわす	2
まんが	2
まんなか	2
みえる	2
みずうみ	2
みそ	2
みつかる	2
みつける	2
みな	2
みなと	2
むかう	2
むかえる	2
むかし	2
むし	2
むすこ	2
むすめ	2
むり	2
めしあがる	2
めずらしい	2
もうしあげる	2
もうす	2
もうすぐ	2
もし	2
もちろん	2
もっとも	2
もどる	2
もめん	2
もらう	2
もり	2
やく	2
やくそく	2
やくにたつ	2
やける	2
やせる	2
やっと	2
やっぱり	2
やはり	2
やむ	2
やめる	2
やわらかい	2
ゆ	2
ゆしゅつする	2
ゆにゅう	2
ゆび	2
ゆびわ	2
ゆめ	2
ゆれる	2
よう	2
ようい	2
ようじ	2
よごれる	2
よしゅう	2
よてい	2
よやく	2
よると	2
よろこぶ	2
よろしい	2
りゆう	2
りょうほう	2
りょかん	2
りよう	2
るす	2
れいぼう	2
れきし	2
れんらく	2
わかす	2
わかれる	2
わく	2
わけ	2
わすれもの	2
わらう	2
わりあい	2
われる	2
アクセサリー	2
アジア	2
アナウンサー	2
アフリカ	2
アメリカ	2
アルコール	2
アルバイト	2
エスカレーター	2
オートバイ	2
オーバー	2
カーテン	2
ガス	2
ガソリン	2
ガソリンスタンド	2
ガラス	2
ケーキ	2
コンサート	2
コンピュータ	2
コンピューター	2
サラダ	2
サンダル	2
サンドイッチ	2
ジャム	2
スクリーン	2
ステレオ	2
ステーキ	2
スーツ	2
スーツケース	2
スーパー	2
ソフト	2
タイプ	2
タイム	2
チェックする	2
テキスト	2
テニス	2
ハンバーグ	2
パソコン	2
パパ	2
パート	2
ビル	2
ピアノ	2
ファックス	2
プレゼント	2
ベル	2
マーケット	2
リポート	2
レジ	2
レポート	2
ワープロ	2
一度	2
一杯	2
一生懸命	2
丁寧	2
上がる	2
下げる	2
下りる	2
下る	2
下宿	2
下着	2
不便	2
世界	2
世話	2
両方	2
中々	2
中学校	2
久しぶり	2
乗り換える	2
乗り物	2
乾く	2
予定	2
予約	2
予習	2
事	2
事務所	2
事故	2
亡くなる	2
交通	2
人口	2
人形	2
今夜	2
今度	2
仕方	2
代わり	2
以上	2
以下	2
以内	2
以外	2
会場	2
会話	2
会議	2
会議室	2
伝える	2
伺う	2
似る	2
住所	2
例えば	2
倍	2
倒れる	2
値段	2
僕	2
億	2
優しい	2
先輩	2
光	2
光る	2
入学	2
入院	2
全然	2
公務員	2
具合	2
内	2
再来月	2
再来週	2
写す	2
冷える	2
冷房	2
凄い	2
出席	2
出発	2
別	2
別れる	2
利用	2
割れる	2
割合	2
力	2
動く	2
動物園	2
勝つ	2
匂い	2
包む	2
医学	2
十分	2
卒業	2
危険	2
原因	2
厳しい	2
参る	2
反対	2
取り替える	2
受ける	2
受付	2
召し上がる	2
台風	2
叱る	2
合う	2
向かう	2
君	2
周り	2
味	2
味噌	2
品物	2
喉	2
喜ぶ	2
嘘	2
噛む	2
回る、回す	2
固い	2
国際	2
地理	2
地震	2
坂	2
堅	2
場合	2
場所	2
塗る	2
増える	2
壁	2
壊す	2
壊れる	2
売り場	2
変	2
変える	2
変わる	2
夢	2
大事	2
大体	2
大分	2
大学生	2
大抵	2
天気予報	2
太る	2
夫	2
失敗	2
失礼	2
女性	2
妻	2
始める	2
娘	2
嬉しい	2
子	2
字	2
季節	2
安全	2
安心	2
客	2
家内	2
寂しい	2
寄る	2
寝坊	2
寺	2
専門	2
将来	2
尋ねる	2
小学校	2
小説	2
小鳥	2
届ける	2
屋上	2
展覧会	2
島	2
工場	2
工業	2
差し上げる	2
市	2
市民	2
布団	2
席	2
帰り	2
床屋	2
店員	2
建て	2
建てる	2
引き出し	2
引っ越す	2
形	2
役に立つ	2
彼	2
彼ら	2
彼女	2
御～	2
復習	2
心	2
心配	2
必ず	2
必要	2
忘れ物	2
怒る	2
怖い	2
思い出す	2
思う	2
急	2
急ぐ	2
急行	2
恥ずかしい	2
息子	2
悲しい	2
意見	2
慣れる	2
戦争	2
戻る	2
手伝う	2
手袋	2
打つ	2
払う	2
承知	2
技術	2
投げる	2
折る	2
折れる	2
押し入れ	2
招待	2
拝見	2
拾う	2
指	2
指輪	2
挨拶	2
捕まえる	2
捨てる	2
探す	2
揺れる	2
支度	2
放送	2
政治	2
故障	2
教会	2
教育	2
数学	2
文化	2
文学	2
文法	2
新聞社	2
旅館	2
日	2
日記	2
昔	2
星	2
是非	2
昼休み	2
昼間	2
時代	2
普通	2
景色	2
暖房	2
暮れる	2
最も	2
最初	2
最後	2
最近	2
月	2
木綿	2
林	2
枝	2
柔らかい	2
柔道	2
校長	2
格好	2
案内	2
棚	2
森	2
植える	2
楽しみ	2
楽む	2
様	2
機会	2
止む	2
止める	2
正しい	2
正月	2
歯医者	2
歴史	2
残る	2
残念	2
比べる	2
毛	2
気	2
気分	2
気持ち	2
水泳	2
水道	2
汚れる	2
決して	2
決まる	2
決める	2
汽車	2
沸かす	2
沸く	2
治る	2
泊まる	2
法律	2
泣く	2
泥棒	2
注射	2
注意	2
浅い	2
海岸	2
消しゴム	2
深い	2
済む	2
港	2
湖	2
湯	2
準備	2
滑る	2
漫画	2
漬ける	2
濡れる	2
火	2
火事	2
点	2
点く	2
為	2
無くなる	2
無理	2
焼く	2
焼ける	2
熱	2
熱心	2
片付ける	2
特に	2
特別	2
特急	2
珍しい	2
理由	2
生きる	2
生活	2
生産	2
産業	2
用	2
用事	2
用意	2
田舎	2
申し上げる	2
申す	2
男性	2
留守	2
番組	2
畳	2
痩せる	2
発音	2
皆	2
盗む	2
盛ん	2
直す	2
直る	2
相談	2
看護婦	2
真中	2
真面目	2
眠い	2
眠る	2
着物	2
知らせる	2
石	2
砂	2
研究	2
研究室	2
硬	2
確か	2
社会	2
社長	2
祈る	2
祖母	2
祖父	2
神社	2
科学	2
移る	2
程	2
空く	2
空気	2
空港	2
立てる	2
競争	2
笑う	2
答	2
簡単	2
米	2
糸	2
約束	2
素晴らしい	2
細かい	2
紹介	2
終わり	2
経済	2
経験	2
絹	2
続く	2
続ける	2
線	2
美しい	2
美術館	2
習慣	2
翻訳	2
考える	2
聞こえる	2
育てる	2
背中	2
腕	2
自由	2
致す	2
興味	2
舟	2
花見	2
苦い	2
草	2
落す	2
落る	2
葉	2
虫	2
血	2
行う	2
表	2
裏	2
複雑	2
褒める	2
西洋	2
見える	2
見つかる	2
見つける	2
見物	2
規則	2
親	2
親切	2
触る	2
計画	2
訪ねる	2
訳	2
試合	2
試験	2
説明	2
課長	2
調べる	2
講堂	2
講義	2
謝る	2
警察	2
負ける	2
貿易	2
贈り物	2
赤ちゃん	2
赤ん坊	2
起こす	2
趣味	2
足す	2
足りる	2
踊り	2
踊る	2
踏む	2
輸入	2
輸出	2
辞典	2
込む	2
迎える	2
近所	2
返事	2
退院	2
送る	2
逃げる	2
途中	2
通う	2
通り	2
通る	2
連れる	2
連絡	2
進む	2
遅れる	2
遊び	2
運ぶ	2
運動	2
運転	2
運転手	2
過ぎる	2
道具	2
遠く	2
遠慮	2
適当	2
選ぶ	2
邪魔	2
郊外	2
部長	2
都	2
都合	2
釣る	2
鏡	2
間	2
間に合う	2
間違える	2
関係	2
隅	2
随分	2
集まる	2
集める	2
雲	2
電報	2
電灯	2
非常に	2
音	2
頂く	2
頑張る	2
飛行場	2
食事	2
食料品	2
飾る	2
首	2
駐車場	2
騒ぐ	2
驚く	2
高校	2
高校生	2
高等学校	2
髪	2
鳴る	2
～	2
～いん	2
～おき	2
～おわる	2
～か	2
～がくぶ	2
～く	2
～くん	2
～けん	2
～ございます	2
～さま	2
～しき	2
～せい	2
～だす	2
～だて	2
～ちゃん	2
～ちょう	2
～つき	2
～つづける	2
～にくい	2
～はじめる	2
～ばかり	2
～まま	2
～め	2
～やすい	2
～代	2
～会	2
～区	2
～君	2
～員	2
～始める	2
～学部	2
～家	2
～式	2
～様	2
～町	2
～目	2
～続ける	2
～製	2
～軒	2
あい	3
あいかわらず	3
あいじょう	3
あいする	3
あいず	3
あいて	3
あいにく	3
あかり	3
あきらか	3
あきらめる	3
あきる	3
あくしゅ	3
あくま	3
あずかる	3
あずける	3
あせ	3
あたえる	3
あたたまる	3
あたためる	3
あたり	3
あたりまえ	3
あたる	3
あちこち	3
あつかう	3
あつまり	3
あてる	3
あな	3
あぶら	3
あやまり	3
あら	3
あらし	3
あらそう	3
あらた	3
あらゆる	3
あらわす	3
あらわれ	3
あらわれる	3
ありがとう	3
あるいは	3
あわ	3
あわせる	3
あわてる	3
あわれ	3
あん	3
あんがい	3
あんき	3
あんてい	3
あんなに	3
あんまり	3
い	3
いいん	3
いかり	3
いき	3
いきおい	3
いきもの	3
いけない	3
いしき	3
いじ	3
いじわる	3
いずみ	3
いずれ	3
いぜん	3
いた	3
いたずら	3
いただきます	3
いたみ	3
いためる	3
いたる	3
いだい	3
いだく	3
いちじ	3
いちどに	3
いちば	3
いっか	3
いっしゅ	3
いっしゅん	3
いっしょう	3
いっそう	3
いったい	3
いっち	3
いっぱん	3
いっぽう	3
いつでも	3
いつのまにか	3
いつまでも	3
いとこ	3
いどう	3
いね	3
いねむり	3
いのち	3
いはん	3
いふく	3
いまに	3
いまにも	3
いらい	3
いらいら	3
いらっしゃい	3
いりょう	3
いわ	3
いわい	3
いわう	3
いわば	3
いわゆる	3
いんさつ	3
いんしょう	3
いんたい	3
いんよう	3
うお	3
うがい	3
うけとる	3
うごかす	3
うさぎ	3
うし	3
うしなう	3
うず	3
うたがう	3
うちゅう	3
うっかり	3
うったえる	3
うなる	3
うばう	3
うま	3
うまる	3
うまれ	3
うむ	3
うめ	3
うめる	3
うらぎる	3
うらやましい	3
うれる	3
うわ	3
うわさ	3
うんてん	3
えいえん	3
えいきゅう	3
えいきょう	3
えいぎょう	3
えいせい	3
えいよう	3
えがお	3
えがく	3
えさ	3
える	3
えん	3
えんき	3
えんぎ	3
えんじょ	3
えんぜつ	3
えんそう	3
お	3
おい	3
おいつく	3
おう	3
おうえん	3
おうさま	3
おうじ	3
おうじる	3
おうだん	3
おえる	3
おおいに	3
おおう	3
おおや	3
おか	3
おき	3
おくれ	3
おさえる	3
おさない	3
おさめる	3
おしえ	3
おしゃべり	3
おしゃれ	3
おじぎ	3
おせん	3
おそらく	3
おそれる	3
おそろしい	3
おそわる	3
おたがい	3
おだやか	3
おとこのひと	3
おとなしい	3
おとる	3
おどろき	3
おに	3
おひる	3
おび	3
おぼれる	3
おまえ	3
おめでとう	3
おめにかかる	3
おもいつく	3
おもいで	3
おもに	3
おもわず	3
およぎ	3
およそ	3
およぼす	3
おろす	3
おん	3
おんだん	3
おんど	3
お互い	3
お前	3
お喋り	3
お昼	3
お洒落	3
お目に掛かる	3
お辞儀	3
か	3
かい	3
かいいん	3
かいが	3
かいがい	3
かいけい	3
かいけつ	3
かいごう	3
かいし	3
かいしゃく	3
かいぜん	3
かいてき	3
かいふく	3
かおり	3
かかえる	3
かかく	3
かかり	3
かがやく	3
かぎる	3
かくご	3
かくじつ	3
かくす	3
かくだい	3
かくにん	3
かくれる	3
かぐ	3
かげ	3
かげん	3
かこ	3
かこむ	3
かご	3
かさい	3
かさなる	3
かさねる	3
かざり	3
かし	3
かしこい	3
かしゅ	3
かず	3
かせぐ	3
かぞえる	3
かたがた	3
かたづく	3
かたづけ	3
かたな	3
かたる	3
かだい	3
かち	3
かっき	3
かつどう	3
かつやく	3
かつよう	3
かなしむ	3
かならずしも	3
かなり	3
かね	3
かのう	3
かぶ	3
かみなり	3
かみのけ	3
かもく	3
かもしれない	3
かゆい	3
から	3
かり	3
かる	3
かわいそう	3
かわいらしい	3
かわかす	3
かん	3
かんかく	3
かんがえ	3
かんきゃく	3
かんきょう	3
かんげい	3
かんこう	3
かんさつ	3
かんしゃ	3
かんしん	3
かんじゃ	3
かんじょう	3
かんじる	3
かんする	3
かんせい	3
かんぜん	3
かんそう	3
かんとく	3
かんどう	3
かんり	3
かんりょう	3
かんれん	3
がい	3
がいこう	3
がいしゅつ	3
がか	3
がく	3
がくしゃ	3
がくしゅう	3
がくもん	3
がくれき	3
がっかり	3
がっき	3
がまん	3
がら	3
がん	3
きおく	3
きおん	3
きかん	3
きぎょう	3
きげん	3
きこう	3
きし	3
きじ	3
きず	3
きずく	3
きせい	3
きたい	3
きたく	3
きちょう	3
きちんと	3
きつい	3
きづく	3
きにいる	3
きにゅう	3
きねん	3
きのどく	3
きふ	3
きほん	3
きぼう	3
きまり	3
きみょう	3
きゅうか	3
きゅうけい	3
きゅうげき	3
きゅうしゅう	3
きゅうじょ	3
きゅうそく	3
きゅうに	3
きゅうりょう	3
きょうかしょ	3
きょうきゅう	3
きょうぎ	3
きょうじゅ	3
きょうちょう	3
きょうつう	3
きょうどう	3
きょうふ	3
きょうりょく	3
きょか	3
きょく	3
きょだい	3
きよう	3
きらう	3
きり	3
きれ	3
きれる	3
きろく	3
きん	3
きんえん	3
きんがく	3
きんこ	3
きんし	3
きんせん	3
きんぞく	3
きんだい	3
きんちょう	3
きんにく	3
きんゆう	3
ぎいん	3
ぎかい	3
ぎし	3
ぎちょう	3
ぎむ	3
ぎもん	3
ぎゃく	3
ぎょうぎ	3
ぎろん	3
ぎん	3
くう	3
くさい	3
くさり	3
くさる	3
くせ	3
くだ	3
くだり	3
くだる	3
くつう	3
くべつ	3
くみ	3
くみあい	3
くむ	3
くやしい	3
くらし	3
くらす	3
くりかえす	3
くるう	3
くるしい	3
くるしむ	3
くれ	3
くろう	3
くわえる	3
くわしい	3
くわわる	3
くん	3
くんれん	3
ぐうぜん	3
ぐたい	3
ぐっすり	3
ぐん	3
ぐんたい	3
けい	3
けいい	3
けいえい	3
けいき	3
けいこう	3
けいこく	3
けいさん	3
けいじ	3
けいたい	3
けいやく	3
けいゆ	3
けしょう	3
けち	3
けっか	3
けっかん	3
けっきょく	3
けっしん	3
けっせき	3
けってい	3
けってん	3
けつえき	3
けつろん	3
けむり	3
ける	3
けん	3
けんかい	3
けんこう	3
けんさ	3
けんせつ	3
けんちく	3
けんとう	3
けんぽう	3
けんり	3
げ	3
げいじゅつ	3
げき	3
げきじょう	3
げんかい	3
げんきん	3
げんご	3
げんざい	3
げんしょう	3
げんじつ	3
げんじょう	3
げんだい	3
げんば	3
こい	3
こいびと	3
こううん	3
こうか	3
こうかい	3
こうかん	3
こうくう	3
こうけい	3
こうけん	3
こうげき	3
こうこく	3
こうさい	3
こうしゃ	3
こうせい	3
こうそく	3
こうはい	3
こうば	3
こうふく	3
こうふん	3
こうへい	3
こうほ	3
こうりょ	3
こえる	3
こおり	3
こおる	3
こきゅう	3
こきょう	3
こくご	3
こくせき	3
こくばん	3
こくふく	3
こくみん	3
こくもつ	3
こし	3
こしょう	3
こじん	3
こす	3
こぜに	3
こっか	3
こっかい	3
こっきょう	3
こっせつ	3
こづつみ	3
ことなる	3
ことによると	3
ことわざ	3
ことわる	3
こな	3
このみ	3
このむ	3
こぼす	3
こぼれる	3
こむぎ	3
こや	3
これら	3
ころす	3
ころぶ	3
こんかい	3
こんご	3
こんざつ	3
こんなに	3
こんなん	3
こんにち	3
こんにちは	3
こんやく	3
こんらん	3
ごうか	3
ごうかく	3
ごうけい	3
ごうとう	3
ごかい	3
ごがく	3
ごく	3
ごめんなさい	3
さ	3
さい	3
さいこう	3
さいしゅう	3
さいちゅう	3
さいてい	3
さいのう	3
さいばん	3
さいわい	3
さかい	3
さからう	3
さかり	3
さぎょう	3
さくひん	3
さくもつ	3
さくら	3
さけ	3
さけぶ	3
さける	3
ささえる	3
ささる	3
さそう	3
さっか	3
さっきょく	3
さっぱり	3
さつ	3
さて	3
さばく	3
さべつ	3
さほう	3
さまざま	3
さます	3
さめる	3
さゆう	3
さら	3
さらに	3
さる	3
さわぎ	3
さんか	3
さんこう	3
さんせい	3
さんそ	3
ざいさん	3
ざいりょう	3
ざせき	3
ざっと	3
しあわせ	3
しかく	3
しかも	3
しき	3
しきゅう	3
しきりに	3
しげき	3
しげん	3
ししゅつ	3
しじん	3
しずむ	3
しぜん	3
しそう	3
したがう	3
したがって	3
したしい	3
しだい	3
しっけ	3
しつ	3
しつぎょう	3
しつど	3
しつぼう	3
してん	3
しどう	3
しな	3
しはい	3
しはらい	3
しはらう	3
しばい	3
しばしば	3
しばふ	3
しほん	3
しぼう	3
しまい	3
しまった	3
しめす	3
しも	3
しゃっきん	3
しゃべる	3
しゅう	3
しゅうい	3
しゅうかく	3
しゅうきょう	3
しゅうしょく	3
しゅうせい	3
しゅうだん	3
しゅうちゅう	3
しゅうにゅう	3
しゅうり	3
しゅぎ	3
しゅくはく	3
しゅしょう	3
しゅじゅつ	3
しゅだん	3
しゅちょう	3
しゅっしん	3
しゅっぱん	3
しゅつじょう	3
しゅと	3
しゅふ	3
しゅよう	3
しゅるい	3
しゅんかん	3
しょう	3
しょうがい	3
しょうがくきん	3
しょうご	3
しょうしょう	3
しょうじき	3
しょうじょ	3
しょうじょう	3
しょうじる	3
しょうたい	3
しょうとつ	3
しょうにん	3
しょうねん	3
しょうばい	3
しょうひ	3
しょうひん	3
しょうぼう	3
しょうめい	3
しょうりゃく	3
しょく	3
しょくぎょう	3
しょくたく	3
しょくひん	3
しょくぶつ	3
しょくもつ	3
しょくよく	3
しょくりょう	3
しょさい	3
しょめい	3
しょもつ	3
しょり	3
しょるい	3
しよう	3
しらせ	3
しり	3
しりあい	3
しるし	3
しんがく	3
しんけい	3
しんけん	3
しんこう	3
しんこく	3
しんごう	3
しんさつ	3
しんじる	3
しんせき	3
しんせん	3
しんぞう	3
しんたい	3
しんちょう	3
しんぱん	3
しんぽ	3
しんゆう	3
しんよう	3
しんらい	3
しんり	3
じかに	3
じき	3
じけん	3
じこく	3
じさつ	3
じじつ	3
じじょう	3
じたい	3
じっけん	3
じっこう	3
じっさい	3
じっし	3
じっと	3
じつげん	3
じつに	3
じつは	3
じつりょく	3
じどう	3
じまん	3
じみ	3
じゅうし	3
じゅうたい	3
じゅうたく	3
じゅうだい	3
じゅうみん	3
じゅうよう	3
じゅよう	3
じゅん	3
じゅんちょう	3
じゅんばん	3
じょう	3
じょうきゃく	3
じょうきょう	3
じょうけん	3
じょうし	3
じょうしき	3
じょうたい	3
じょうたつ	3
じょうだん	3
じょうとう	3
じょうほう	3
じょおう	3
じょし	3
じょしゅ	3
じょじょに	3
じょゆう	3
じんしゅ	3
じんせい	3
じんぶつ	3
じんるい	3
す	3
すいじゅん	3
すいせん	3
すいみん	3
すうじ	3
すえ	3
すがた	3
すくう	3
すくなくとも	3
すぐれる	3
すこしも	3
すごす	3
すじ	3
すすめる	3
すっぱい	3
すてき	3
すでに	3
すなわち	3
すべて	3
すませる	3
すみません	3
するどい	3
すれちがう	3
すれ違う	3
ず	3
ずっと	3
ずつう	3
ずれる	3
せいかく	3
せいき	3
せいきゅう	3
せいけつ	3
せいげん	3
せいこう	3
せいさん	3
せいしき	3
せいしつ	3
せいしん	3
せいじん	3
せいせき	3
せいぜい	3
せいぞう	3
せいちょう	3
せいど	3
せいねん	3
せいねんがっぴ	3
せいひん	3
せいふ	3
せいぶつ	3
せいめい	3
せいり	3
せきたん	3
せきにん	3
せきゆ	3
せけん	3
せっきょくてき	3
せっけい	3
せつ	3
せつび	3
せつやく	3
せめる	3
せんきょ	3
せんこう	3
せんざい	3
せんしゅ	3
せんじつ	3
せんでん	3
ぜい	3
ぜいきん	3
ぜいたく	3
ぜったい	3
ぜつめつ	3
ぜん	3
ぜんいん	3
ぜんこく	3
ぜんしゃ	3
ぜんしん	3
ぜんたい	3
そうおん	3
そうさ	3
そうじゅう	3
そうぞう	3
そうぞく	3
そうち	3
そうとう	3
そくど	3
そこで	3
そしき	3
そそぐ	3
そだつ	3
そっくり	3
そっと	3
そで	3
そなえる	3
そのうえ	3
そのうち	3
そのまま	3
そまつ	3
それぞれ	3
それでも	3
それと	3
それとも	3
そろう	3
そろえる	3
そん	3
そんがい	3
そんけい	3
そんざい	3
そんちょう	3
ぞう	3
ぞうか	3
た	3
たい	3
たいいく	3
たいおん	3
たいかい	3
たいがく	3
たいき	3
たいくつ	3
たいざい	3
たいし	3
たいした	3
たいしょう	3
たいじゅう	3
たいする	3
たいせん	3
たいど	3
たいはん	3
たいほ	3
たいよう	3
たいら	3
たいりく	3
たおす	3
たかまる	3
たかめる	3
たから	3
たがい	3
たく	3
たしかめる	3
たしょう	3
たすかる	3
たすける	3
たたかい	3
たたかう	3
たたく	3
たたむ	3
ただ	3
ただちに	3
たちあがる	3
たちば	3
たっする	3
たった	3
たっぷり	3
たとえ	3
たに	3
たにん	3
たね	3
たば	3
たび	3
たびたび	3
たま	3
たまたま	3
たまらない	3
たまる	3
ためし	3
ためす	3
ためる	3
たより	3
たよる	3
たんい	3
たんご	3
たんじゅん	3
たんじょう	3
たんとう	3
たんなる	3
たんに	3
だい	3
だいきん	3
だいじん	3
だいとうりょう	3
だいひょう	3
だいぶぶん	3
だいめい	3
だいり	3
だが	3
だく	3
だけど	3
だって	3
だます	3
だまる	3
だん	3
だんし	3
だんたい	3
ちい	3
ちいき	3
ちえ	3
ちか	3
ちかごろ	3
ちがい	3
ちがいない	3
ちきゅう	3
ちく	3
ちこく	3
ちしき	3
ちじ	3
ちちおや	3
ちのう	3
ちへいせん	3
ちほう	3
ちゃ	3
ちゃんと	3
ちゅう	3
ちゅうおう	3
ちゅうがく	3
ちゅうこ	3
ちゅうし	3
ちゅうしょく	3
ちゅうしん	3
ちゅうもく	3
ちゅうもん	3
ちょうき	3
ちょうさ	3
ちょうし	3
ちょうじょう	3
ちょうせん	3
ちょうだい	3
ちょきん	3
ちょくせつ	3
ちょしゃ	3
ちらす	3
ちりょう	3
ちる	3
つい	3
ついに	3
つうか	3
つうがく	3
つうきん	3
つうこう	3
つうしん	3
つうじる	3
つうやく	3
つかまる	3
つかむ	3
つかれ	3
つきあい	3
つきあう	3
つぎつぎ	3
つぐ	3
つたわる	3
つち	3
つつみ	3
つづき	3
つとめ	3
つながる	3
つなぐ	3
つなげる	3
つねに	3
つばさ	3
つまり	3
つみ	3
つむ	3
つめる	3
つもる	3
つゆ	3
つよまる	3
つよめる	3
つらい	3
つり	3
つれ	3
ていあん	3
ていき	3
ていこう	3
ていしゅつ	3
ていでん	3
ていど	3
ていりゅうじょ	3
てき	3
てきする	3
てきせつ	3
てきど	3
てきよう	3
てじな	3
てってい	3
てつ	3
てつがく	3
てつだい	3
てつどう	3
てつや	3
てま	3
てんけい	3
てんこう	3
てんねん	3
で	3
であい	3
であう	3
できごと	3
できれば	3
ですから	3
でんごん	3
でんし	3
とい	3
とう	3
とうあん	3
とうさん	3
とうじ	3
とうぜん	3
とうちゃく	3
とうひょう	3
とうよう	3
とおす	3
とおりすぎる	3
とかい	3
とく	3
とくい	3
とくちょう	3
とける	3
ところが	3
ところで	3
とざん	3
としつき	3
としょ	3
としより	3
とじる	3
とたん	3
とち	3
とつぜん	3
とどく	3
とにかく	3
とばす	3
とびだす	3
とも	3
ともに	3
とら	3
とりあげる	3
とれる	3
とんでもない	3
どういつ	3
どうか	3
どうし	3
どうしても	3
どうじ	3
どうぞよろしく	3
どうとく	3
どうよう	3
どうりょう	3
どうろ	3
どく	3
どくしょ	3
どくしん	3
どくとく	3
どくりつ	3
どこか	3
どりょく	3
どろ	3
どんなに	3
な	3
ないよう	3
なお	3
なかば	3
なかま	3
なかみ	3
ながす	3
ながめ	3
ながめる	3
ながれ	3
ながれる	3
なぐる	3
なし	3
なぜなら	3
なぞ	3
なっとく	3
なにか	3
なにも	3
なべ	3
なま	3
なまける	3
なみ	3
なみだ	3
なやむ	3
ならす	3
なわ	3
なんで	3
なんでも	3
なんとか	3
にあう	3
にえる	3
にがて	3
にぎる	3
にち	3
にちじょう	3
にっこう	3
にっこり	3
にっちゅう	3
にっぽん	3
にほん	3
にゅうじょう	3
にんき	3
にんげん	3
ぬく	3
ぬける	3
ぬの	3
ぬらす	3
ね	3
ねがい	3
ねがう	3
ねずみ	3
ねったい	3
ねっちゅう	3
ねんかん	3
ねんげつ	3
ねんじゅう	3
ねんだい	3
ねんれい	3
の	3
のう	3
のうか	3
のうぎょう	3
のうみん	3
のうりょく	3
のき	3
のこす	3
のこり	3
のせる	3
のぞく	3
のぞみ	3
のぞむ	3
のち	3
のばす	3
のびる	3
のべる	3
のんびり	3
はあ	3
はいたつ	3
はいゆう	3
はえる	3
はか	3
はかせ	3
はかる	3
はくしゅ	3
はくぶつかん	3
はげしい	3
はさみ	3
はさん	3
はじまり	3
はずす	3
はずれる	3
はた	3
はたけ	3
はたらき	3
はだ	3
はだか	3
はっけん	3
はっこう	3
はっしゃ	3
はったつ	3
はってん	3
はっぴょう	3
はつめい	3
はで	3
はなしあう	3
はなれる	3
はね	3
ははおや	3
はば	3
はぶく	3
はやす	3
はやる	3
はら	3
はり	3
はんい	3
はんこう	3
はんざい	3
はんせい	3
はんだん	3
はんにん	3
はんばい	3
ば	3
ばいう	3
ばか	3
ばくだい	3
ばくはつ	3
ばっする	3
ばったり	3
ばめん	3
ひかく	3
ひがい	3
ひげき	3
ひこう	3
ひざ	3
ひじょう	3
ひたい	3
ひっこし	3
ひっし	3
ひっぱる	3
ひづけ	3
ひてい	3
ひとこと	3
ひとごみ	3
ひとしい	3
ひとりひとり	3
ひはん	3
ひひょう	3
ひみつ	3
ひも	3
ひやす	3
ひょう	3
ひょうか	3
ひょうげん	3
ひょうじ	3
ひょうじょう	3
ひょうばん	3
ひょうめん	3
ひよう	3
ひろがる	3
ひろげる	3
ひろまる	3
ひろめる	3
ひん	3
びじん	3
びみょう	3
びょう	3
びょうどう	3
びん	3
ぴったり	3
ふ	3
ふあん	3
ふうけい	3
ふうふ	3
ふえ	3
ふか	3
ふかまる	3
ふかめる	3
ふくそう	3
ふくむ	3
ふくめる	3
ふくろ	3
ふこう	3
ふし	3
ふしぎ	3
ふじゆう	3
ふじん	3
ふせい	3
ふせぐ	3
ふそく	3
ふたご	3
ふたたび	3
ふだん	3
ふち	3
ふで	3
ふと	3
ふへい	3
ふまん	3
ふやす	3
ふり	3
ふるえる	3
ふれる	3
ふんいき	3
ぶ	3
ぶき	3
ぶじ	3
ぶたい	3
ぶっか	3
ぶっしつ	3
ぶつ	3
ぶつかる	3
ぶつける	3
ぶつり	3
ぶぶん	3
ぶん	3
ぶんせき	3
ぶんめい	3
ぶんや	3
へい	3
へいきん	3
へいわ	3
へらす	3
へる	3
へんか	3
へんこう	3
べつに	3
べんとう	3
ほう	3
ほうこう	3
ほうこく	3
ほうせき	3
ほうそう	3
ほうふ	3
ほうほう	3
ほうぼう	3
ほうもん	3
ほえる	3
ほお	3
ほこり	3
ほご	3
ほしょう	3
ほぞん	3
ほっと	3
ほとけ	3
ほどう	3
ほね	3
ほのお	3
ほほ	3
ほほえむ	3
ほぼ	3
ほり	3
ほんと	3
ほんにん	3
ほんもの	3
ぼう	3
ぼうけん	3
ぼんやり	3
ま	3
まあ	3
まいご	3
まえもって	3
まかせる	3
まく	3
まけ	3
まご	3
まさか	3
まさに	3
まざる	3
まじる	3
ます	3
ますます	3
まずしい	3
まぜる	3
まちがい	3
まっか	3
まったく	3
まつり	3
まとまる	3
まとめる	3
まなぶ	3
まね	3
まねく	3
まぶしい	3
まめ	3
まもる	3
まよう	3
まる	3
まるで	3
まんいち	3
まんぞく	3
み	3
みおくり	3
みかける	3
みかた	3
みごと	3
みちる	3
みつ	3
みとめる	3
みまい	3
みやげ	3
みやこ	3
みょう	3
みょうごにち	3
みらい	3
みりょく	3
む	3
むかい	3
むかえ	3
むく	3
むける	3
むしあつい	3
むしば	3
むしろ	3
むす	3
むすぶ	3
むだ	3
むちゅう	3
むね	3
むりょう	3
めいかく	3
めいし	3
めいじる	3
めいじん	3
めいれい	3
めいわく	3
めうえ	3
めくる	3
めし	3
めったに	3
めん	3
めんきょ	3
めんせつ	3
めんどう	3
もうしこむ	3
もうしわけ	3
もうふ	3
もえる	3
もくてき	3
もくひょう	3
もしかすると	3
もしも	3
もじ	3
もちあげる	3
もちいる	3
もったいない	3
もと	3
もとづく	3
もとめる	3
もどす	3
ものおと	3
ものがたり	3
ものごと	3
もやす	3
もよう	3
もんく	3
もんじ	3
やがて	3
やくす	3
やくわり	3
やちん	3
やっかい	3
やとう	3
やど	3
やね	3
やぶる	3
やぶれる	3
やや	3
ゆいいつ	3
ゆう	3
ゆうき	3
ゆうこう	3
ゆうしゅう	3
ゆうしょう	3
ゆうじょう	3
ゆうじん	3
ゆうのう	3
ゆうびん	3
ゆうり	3
ゆか	3
ゆかい	3
ゆずる	3
ゆたか	3
ゆでる	3
ゆるす	3
よ	3
よあけ	3
ようき	3
ようきゅう	3
ようじん	3
ようす	3
ようするに	3
ようそ	3
ようてん	3
ようび	3
よき	3
よこぎる	3
よごす	3
よさん	3
よす	3
よせる	3
よそう	3
よそく	3
よなか	3
よのなか	3
よぶん	3
よほう	3
よぼう	3
よみ	3
よめ	3
よゆう	3
より	3
よろこび	3
よろしく	3
よわまる	3
よわめる	3
よん	3
らい～	3
らく	3
りえき	3
りかい	3
りく	3
りこう	3
りこん	3
りそう	3
りつ	3
りゅうがく	3
りゅうこう	3
りょう	3
りょうがえ	3
りょうきん	3
れいがい	3
れいぎ	3
れいせい	3
れっしゃ	3
れつ	3
れんそう	3
れんぞく	3
ろうじん	3
ろうどう	3
ろんじる	3
ろんそう	3
ろんぶん	3
わ	3
わかれ	3
わがまま	3
わき	3
わける	3
わざと	3
わずか	3
わた	3
わだい	3
わらい	3
わる	3
わるくち	3
われわれ	3
わん	3
アイスクリーム	3
アウト	3
アップ	3
アルバム	3
アンケート	3
イメージ	3
インク	3
インタビュー	3
ウイスキー	3
エネルギー	3
エンジン	3
オフィス	3
カー	3
カード	3
キャプテン	3
キャンプ	3
クラシック	3
クリスマス	3
クリーム	3
グラス	3
グランド	3
グループ	3
ケース	3
ゲーム	3
コンテスト	3
コーチ	3
コード	3
ゴール	3
サイン	3
サービス	3
ショック	3
ジェットき	3
ジェット機	3
ジュース	3
ジーンズ	3
スイッチ	3
スキー	3
スケジュール	3
スケート	3
スタイル	3
スタンド	3
スター	3
ストレス	3
スピーチ	3
スープ	3
セット	3
センター	3
ソファー	3
タイトル	3
タイプライター	3
タオル	3
ダイヤ	3
ダウン	3
ダンス	3
チャイム	3
チャンス	3
チーズ	3
チーム	3
テント	3
デザイン	3
デザート	3
デモ	3
データ	3
デート	3
トップ	3
トラック	3
トランプ	3
トレーニング	3
トン	3
トンネル	3
ドライブ	3
ドラマ	3
ドレス	3
ノック	3
ノー	3
ハイキング	3
ハンサム	3
バイオリン	3
バッグ	3
バランス	3
パイプ	3
パイロット	3
パス	3
パスポート	3
パーセント	3
ビデオ	3
ビール	3
ピクニック	3
ピン	3
ブレーキ	3
プラス	3
プラスチック	3
プラン	3
プロ	3
ベルト	3
ベンチ	3
ペンキ	3
ホーム	3
ボーイ	3
ボート	3
ボール	3
マイク	3
マイナス	3
マスコミ	3
マスター	3
マッサージ	3
ママ	3
ミス	3
ミルク	3
メッセージ	3
メモ	3
メンバー	3
ユーモア	3
ヨット	3
ヨーロッパ	3
ライター	3
ラケット	3
ラベル	3
ルール	3
レベル	3
ロケット	3
ワイン	3
一人一人	3
一体	3
一家	3
一層	3
一帯	3
一度に	3
一方	3
一時	3
一生	3
一瞬	3
一種	3
一致	3
一般	3
一言	3
万一	3
上る	3
上京	3
上司	3
上等	3
上達	3
下す	3
下り	3
不	3
不利	3
不可	3
不安	3
不平	3
不幸	3
不思議	3
不正	3
不満	3
不自由	3
不足	3
不通	3
与える	3
世	3
世の中	3
世紀	3
世間	3
丘	3
丘陵	3
両替	3
並	3
中古	3
中味	3
中央	3
中学	3
中心	3
中止	3
中身	3
丸	3
主に	3
主婦	3
主張	3
主義	3
主要	3
乗せる	3
乗客	3
乾かす	3
乾燥	3
予報	3
予想	3
予期	3
予測	3
予算	3
予防	3
争う	3
事件	3
事実	3
事情	3
互い	3
亡くす	3
交ざる	3
交じる	3
交ぜる	3
交換	3
交際	3
享受	3
人工	3
人気	3
人物	3
人生	3
人種	3
人込み	3
人間	3
人類	3
今に	3
今にも	3
今回	3
今後	3
仏	3
仕様	3
他	3
他人	3
付き合い	3
付く	3
付ける	3
付合う	3
代える	3
代る	3
代理	3
代表	3
代金	3
以前	3
以来	3
仮定	3
仲	3
仲間	3
件	3
任せる	3
企業	3
休息	3
休憩	3
休暇	3
会合	3
会員	3
会計	3
伝わる	3
伝統	3
伝言	3
伸ばす	3
伸びる	3
似合う	3
位	3
位置	3
住	3
住宅	3
住民	3
体温	3
体育	3
体重	3
何か	3
何で	3
何でも	3
何とか	3
余分	3
余裕	3
作	3
作品	3
作家	3
作曲	3
作業	3
作法	3
作物	3
使用	3
例	3
例え	3
例外	3
供	3
供給	3
依然	3
依頼	3
価値	3
価格	3
便	3
便り	3
係	3
保存	3
保証	3
保護	3
保障	3
信じる	3
信仰	3
信号	3
信用	3
信頼	3
修正	3
修理	3
修飾	3
俳優	3
個々	3
個人	3
倒す	3
倒産	3
候補	3
借り	3
借金	3
値	3
偉大	3
停留所	3
停電	3
健康	3
偶	3
偶々	3
偶然	3
備える	3
傷	3
傷める	3
傾向	3
僅か	3
働き	3
像	3
僧	3
優	3
優れる	3
優勝	3
優秀	3
元	3
先日	3
先行	3
光景	3
克服	3
免許	3
兎	3
児童	3
党	3
入場	3
全	3
全く	3
全て	3
全体	3
全員	3
全国	3
全身	3
公平	3
公正	3
公演	3
共に	3
共同	3
共通	3
具える	3
具体	3
典型	3
内容	3
円	3
再び	3
冒険	3
冗談	3
写る	3
冷ます	3
冷める	3
冷やす	3
冷静	3
凍る	3
処理	3
出	3
出会い	3
出会う	3
出合い	3
出場	3
出来事	3
出版	3
出身	3
刀	3
分	3
分かれる	3
分ける	3
分析	3
分野	3
切り	3
切れ	3
切れる	3
刈る	3
刊行	3
刑	3
刑事	3
列	3
列車	3
判	3
判断	3
別に	3
別れ	3
利口	3
利益	3
到着	3
制度	3
制限	3
刷る	3
券	3
刺さる	3
刺す	3
刺激	3
前もって	3
前者	3
前進	3
剥く	3
割る	3
創造	3
劇	3
劇場	3
加える	3
加わる	3
加味	3
加減	3
劣る	3
助かる	3
助ける	3
助手	3
助詞	3
努力	3
労働	3
効く	3
効果	3
勇気	3
動かす	3
動揺	3
動詞	3
勘	3
勘定	3
務め	3
勝ち	3
勢い	3
勤め	3
勧める	3
包み	3
包装	3
化学	3
化粧	3
区別	3
医師	3
医療	3
医院	3
半ば	3
協力	3
協調	3
協議	3
単なる	3
単に	3
単位	3
単純	3
単語	3
博士	3
博物館	3
占める	3
印	3
印刷	3
印象	3
卸す	3
厄介	3
原	3
去る	3
参加	3
参考	3
及ぼす	3
友	3
友人	3
友好	3
友情	3
双子	3
反る	3
反抗	3
反省	3
収める	3
収入	3
収穫	3
取り上げる	3
取れる	3
受け取る	3
句	3
叩く	3
只	3
叫ぶ	3
可	3
可愛そう	3
可愛らしい	3
可能	3
合わせる	3
合図	3
合格	3
合計	3
同一	3
同僚	3
同士	3
同志	3
同時	3
同様	3
名	3
名人	3
名刺	3
名詞	3
吐く	3
向かい	3
向く	3
向ける	3
吠える	3
否	3
否定	3
含む	3
含める	3
吸収	3
周囲	3
味方	3
呼吸	3
命	3
命じる	3
命令	3
咥える	3
咳	3
哀れ	3
品	3
哲学	3
唯	3
唯一	3
商人	3
商品	3
商売	3
問い	3
問う	3
善	3
喜び	3
営業	3
嗅ぐ	3
噂	3
器官	3
器械	3
器用	3
四季	3
四角	3
回復	3
因る	3
団体	3
困難	3
囲む	3
図	3
図る	3
図書	3
国会	3
国境	3
国家	3
国民	3
国籍	3
国語	3
土	3
土地	3
土産	3
地	3
地下	3
地位	3
地区	3
地味	3
地域	3
地平線	3
地方	3
地球	3
型	3
埃	3
埋まる	3
埋める	3
城	3
基	3
基づく	3
基本	3
堀	3
堅い	3
報告	3
場	3
場面	3
塀	3
塔	3
塵	3
境	3
墓	3
増す	3
増やす	3
増加	3
墨	3
声明	3
売れる	3
変化	3
変更	3
外す	3
外れる	3
外交	3
外出	3
多少	3
夜中	3
夜明け	3
夢中	3
大	3
大いに	3
大した	3
大人しい	3
大会	3
大使	3
大半	3
大家	3
大戦	3
大気	3
大統領	3
大臣	3
大部分	3
大陸	3
天候	3
天然	3
太陽	3
夫人	3
夫婦	3
失う	3
失望	3
失業	3
奇妙	3
契機	3
契約	3
奥	3
奨学金	3
奪う	3
女優	3
女史	3
女子	3
女王	3
好み	3
好む	3
妙	3
姉妹	3
始まり	3
姓	3
姓名	3
委員	3
姿	3
婚約	3
婦人	3
嫁	3
嫌う	3
字体	3
存在	3
季刊	3
学	3
学ぶ	3
学問	3
学期	3
学歴	3
学習	3
学者	3
孫	3
宅	3
宇宙	3
守る	3
安定	3
完了	3
完全	3
完成	3
宗教	3
官僚	3
定期	3
宛てる	3
宝	3
宝石	3
実	3
実に	3
実は	3
実力	3
実施	3
実現	3
実行	3
実際	3
実験	3
宣伝	3
害	3
家事	3
家具	3
家賃	3
容器	3
容易	3
宿	3
宿泊	3
寄せる	3
寄付	3
密	3
寧ろ	3
審判	3
寮	3
対	3
対する	3
対照	3
対象	3
専攻	3
射す	3
尊敬	3
尊重	3
小	3
小包	3
小屋	3
小銭	3
小麦	3
少々	3
少しも	3
少女	3
少年	3
尤も	3
就く	3
就職	3
尻	3
尾	3
局	3
居眠り	3
居間	3
届く	3
屋根	3
岩	3
岸	3
嵐	3
州	3
巣	3
左右	3
巨大	3
差	3
差別	3
巻く	3
市場	3
布	3
希望	3
帯	3
帰す	3
帰宅	3
常に	3
常識	3
幅	3
幕	3
平ら	3
平和	3
平均	3
平等	3
年中	3
年代	3
年寄	3
年月	3
年鑑	3
年間	3
年齢	3
幸い	3
幸せ	3
幸福	3
幸運	3
幼い	3
広がる	3
広げる	3
広まる	3
広める	3
広告	3
床	3
底	3
度	3
座席	3
延ばす	3
延びる	3
延期	3
建つ	3
建築	3
建設	3
弁当	3
引っ張る	3
引用	3
引越し	3
引退	3
弱まる	3
弱める	3
強まる	3
強める	3
強力	3
強盗	3
強調	3
弾	3
当たり前	3
当たる	3
当てる	3
当り	3
当時	3
当然	3
形態	3
影	3
影響	3
役	3
役割	3
後悔	3
後者	3
後輩	3
徐々に	3
従う	3
従兄弟	3
従姉妹	3
得る	3
得意	3
微妙	3
微笑む	3
徹夜	3
徹底	3
心理	3
心臓	3
必ずしも	3
必死	3
志望	3
応じる	3
応援	3
快適	3
怒り	3
思い付く	3
思い出	3
思わず	3
思想	3
怠ける	3
急に	3
急激	3
急速	3
性	3
性格	3
性質	3
恋	3
恋人	3
恐らく	3
恐れる	3
恐ろしい	3
恐怖	3
恩	3
息	3
悔しい	3
患者	3
悩む	3
悪	3
悪口	3
悪魔	3
悲しむ	3
悲劇	3
情	3
情報	3
想像	3
愉快	3
意	3
意地	3
意地悪	3
意外	3
意志	3
意思	3
意識	3
愛	3
愛する	3
愛情	3
感じ	3
感じる	3
感動	3
感心	3
感情	3
感想	3
感覚	3
感謝	3
態度	3
慌てる	3
慎重	3
慣らす	3
慣行	3
憲法	3
成人	3
成功	3
成年	3
成績	3
成長	3
我々	3
我慢	3
或	3
戦い	3
戦う	3
戻す	3
所為	3
手伝い	3
手品	3
手段	3
手術	3
手間	3
才能	3
扱う	3
批判	3
批評	3
承認	3
技師	3
投票	3
抜く	3
抜ける	3
抱える	3
抱く	3
抵抗	3
押える	3
担当	3
拍手	3
拘束	3
招く	3
拡大	3
拭く	3
持ち上げる	3
指す	3
指導	3
指揮	3
挑戦	3
挙げる	3
振り	3
振る	3
振興	3
挿す	3
捕まる	3
捜査	3
捲る	3
掃く	3
採集	3
接ぐ	3
推薦	3
掲示	3
掴む	3
掻く	3
揃う	3
揃える	3
描く	3
提出	3
提案	3
揚げる	3
換える	3
握る	3
握手	3
援助	3
損	3
損害	3
携帯	3
摘む	3
撃つ	3
撒く	3
操作	3
操縦	3
擦る	3
支える	3
支出	3
支店	3
支払	3
支払う	3
支給	3
支配	3
改善	3
攻める	3
攻撃	3
放す	3
放れる	3
政府	3
故人	3
故郷	3
救う	3
救助	3
教え	3
教わる	3
教授	3
教科書	3
散らす	3
散る	3
敬意	3
数	3
数える	3
数字	3
整理	3
敵	3
文	3
文句	3
文字	3
文明	3
料金	3
断つ	3
断る	3
新た	3
新興	3
新鮮	3
方々	3
方向	3
方法	3
旅	3
旗	3
既に	3
日中	3
日付	3
日光	3
日常	3
日本	3
旧	3
昇る	3
明かり	3
明ける	3
明らか	3
明確	3
映える	3
映す	3
映る	3
昨	3
昼食	3
時刻	3
時期	3
普段	3
景気	3
暖まる	3
暖める	3
暗記	3
暮らし	3
暮らす	3
暮れ	3
曜日	3
更に	3
書斎	3
書物	3
書類	3
替える	3
最中	3
最低	3
最終	3
最高	3
有利	3
有効	3
有機	3
有無	3
有能	3
服装	3
望み	3
望む	3
期待	3
期間	3
期限	3
未来	3
末	3
本人	3
本物	3
札	3
材料	3
束	3
条件	3
来	3
東洋	3
松	3
板	3
枠	3
柄	3
柵	3
栄養	3
校舎	3
株	3
核	3
根	3
格	3
案	3
案外	3
桜	3
梅	3
梅雨	3
棒	3
棟	3
椀	3
植物	3
検査	3
検討	3
極	3
楽	3
楽器	3
構成	3
様々	3
様子	3
模様	3
権利	3
横切る	3
横断	3
機嫌	3
機械	3
機構	3
機能	3
機関	3
欠く	3
欠ける	3
欠席	3
欠点	3
欠陥	3
次々	3
次ぐ	3
次第	3
歌手	3
歌謡	3
歓声	3
歓迎	3
止す	3
正	3
正体	3
正午	3
正式	3
正直	3
正確	3
正規	3
武器	3
歩道	3
死	3
死亡	3
残す	3
残り	3
殖やす	3
殴る	3
段	3
殺す	3
殻	3
母親	3
毒	3
比較	3
毛布	3
氏	3
気に入る	3
気の毒	3
気付く	3
気体	3
気候	3
気味	3
気温	3
水洗	3
水準	3
氷	3
永久	3
永遠	3
求める	3
汗	3
汚す	3
汚染	3
汲む	3
決まり	3
決定	3
決心	3
決行	3
沈む	3
沖	3
油	3
治める	3
治療	3
沿う	3
泉	3
泊める	3
法	3
泡	3
波	3
泥	3
注	3
注ぐ	3
注す	3
注文	3
注目	3
泳ぎ	3
洗剤	3
活動	3
活気	3
活用	3
活躍	3
派手	3
流す	3
流れ	3
流れる	3
流行	3
流行る	3
海外	3
消費	3
消防	3
涙	3
深まる	3
深める	3
深刻	3
混ざる	3
混じる	3
混ぜる	3
混乱	3
混雑	3
添う	3
清む	3
清潔	3
渇く	3
済ませる	3
渋滞	3
減らす	3
減る	3
減少	3
渦	3
温かい	3
温まる	3
温める	3
温度	3
温暖	3
測る	3
湧く	3
湾	3
湿る	3
湿度	3
湿気	3
満ちる	3
満足	3
溜まる	3
溜める	3
溶く	3
溶ける	3
溺れる	3
滅多に	3
滞在	3
演奏	3
演技	3
演説	3
澄む	3
激しい	3
濃い	3
濠	3
濡らす	3
火災	3
灯	3
灰	3
炊く	3
炎	3
炒める	3
為る	3
焚く	3
無	3
無し	3
無事	3
無料	3
無視	3
無駄	3
煙	3
照明	3
煮える	3
煮る	3
熱中	3
熱帯	3
燃える	3
燃やす	3
爆発	3
父親	3
片付く	3
片付け	3
版	3
牛	3
物事	3
物価	3
物理	3
物語	3
物質	3
物音	3
特徴	3
特長	3
犯人	3
犯罪	3
状態	3
状況	3
狂う	3
狩り	3
独り	3
独特	3
独立	3
独身	3
猿	3
率	3
玉	3
王	3
王子	3
王様	3
班	3
現す	3
現れ	3
現れる	3
現代	3
現在	3
現場	3
現実	3
現状	3
現象	3
現金	3
球	3
理想	3
理解	3
琴	3
環境	3
瓶	3
生	3
生える	3
生き物	3
生じる	3
生まれ	3
生やす	3
生る	3
生命	3
生地	3
生年月日	3
生涯	3
生物	3
生理	3
生長	3
産む	3
用いる	3
用心	3
田	3
申し訳	3
申し込む	3
申告	3
男の人	3
男子	3
画家	3
畑	3
留める	3
留学	3
異	3
異なる	3
異動	3
異常	3
畳む	3
疑う	3
疑問	3
疲れ	3
症状	3
痛み	3
癌	3
癖	3
発射	3
発展	3
発明	3
発行	3
発表	3
発見	3
発車	3
発達	3
登山	3
皮	3
皿	3
盛り	3
監督	3
目上	3
目標	3
目的	3
直	3
直ちに	3
直に	3
直接	3
相	3
相変わらず	3
相当	3
相手	3
相続	3
盾	3
省く	3
省略	3
県	3
真っ赤	3
真似	3
真剣	3
真理	3
眺め	3
眺める	3
着ける	3
睡眠	3
瞬間	3
知らせ	3
知事	3
知合い	3
知恵	3
知能	3
知識	3
石油	3
石炭	3
砂漠	3
破る	3
破れる	3
破産	3
硬い	3
硬貨	3
碁	3
碑	3
碗	3
確かめる	3
確実	3
確認	3
磁器	3
磁気	3
示す	3
礼	3
礼儀	3
祝い	3
祝う	3
神	3
神経	3
票	3
祭	3
禁止	3
禁煙	3
禅	3
福	3
私用	3
科目	3
秒	3
秘密	3
移動	3
程度	3
税	3
税金	3
種	3
種類	3
稲	3
稼ぐ	3
穀物	3
積む	3
積もる	3
積極的	3
穏やか	3
穴	3
空き	3
突く	3
突然	3
立ち上がる	3
立場	3
章	3
童謡	3
端	3
競技	3
笑い	3
笑顔	3
笛	3
筆	3
等しい	3
筋	3
筋肉	3
答案	3
策	3
管	3
管理	3
節	3
節約	3
範囲	3
築く	3
籠	3
粉	3
粋	3
粗	3
粗末	3
精々	3
精巧	3
精神	3
精算	3
約	3
納める	3
納得	3
紐	3
級	3
素	3
終える	3
組	3
組む	3
組合	3
組織	3
経つ	3
経る	3
経営	3
経由	3
経緯	3
結ぶ	3
結局	3
結果	3
結論	3
給料	3
絵画	3
絶対	3
絶滅	3
継ぐ	3
続き	3
維持	3
綴じる	3
綿	3
緊張	3
縁	3
縄	3
繋がる	3
繋ぐ	3
繋げる	3
織る	3
繰り返す	3
缶	3
罪	3
罰する	3
署名	3
罹る	3
美人	3
群	3
羨ましい	3
義務	3
羽	3
羽根	3
翼	3
老い	3
老人	3
考え	3
考慮	3
者	3
職	3
職業	3
肌	3
股	3
肩	3
育つ	3
肺	3
胃	3
胡椒	3
胸	3
能	3
能力	3
脂	3
脂肪	3
脇	3
脳	3
腐る	3
腰	3
腹	3
膜	3
膝	3
膳	3
臨む	3
自動	3
自己	3
自慢	3
自殺	3
自然	3
自身	3
臭い	3
至る	3
至急	3
興奮	3
舌	3
舞台	3
航海	3
航空	3
良い	3
芝居	3
芝生	3
芸術	3
芽	3
苦	3
苦しい	3
苦しむ	3
苦労	3
苦手	3
苦痛	3
茶	3
茹でる	3
荒廃	3
莫大	3
菌	3
菓子	3
著す	3
著者	3
蒔く	3
蒸し暑い	3
蒸す	3
蕎麦	3
虎	3
虫歯	3
蚊	3
血液	3
血管	3
衆	3
行き	3
行儀	3
行動	3
街	3
衛星	3
衝突	3
衣料	3
衣服	3
表す	3
表情	3
表現	3
表示	3
表面	3
袋	3
袖	3
被る	3
被害	3
裁く	3
裁判	3
裂く	3
裂ける	3
装置	3
裏切る	3
補償	3
裸	3
製品	3
製造	3
要するに	3
要求	3
要点	3
要素	3
覆う	3
見事	3
見当	3
見掛ける	3
見舞い	3
見解	3
見送り	3
規制	3
視点	3
視覚	3
覗く	3
覚ます	3
覚める	3
覚悟	3
親しい	3
親友	3
親戚	3
観光	3
観客	3
観察	3
解く	3
解ける	3
解決	3
解釈	3
触れる	3
言わば	3
言語	3
計	3
計る	3
計器	3
計算	3
討つ	3
訓	3
訓練	3
記事	3
記入	3
記念	3
記憶	3
記者	3
記録	3
訪問	3
設備	3
設計	3
許す	3
許可	3
訳す	3
訴える	3
診る	3
診察	3
証明	3
評価	3
評判	3
試し	3
試す	3
詩	3
詩人	3
詰める	3
話し合う	3
話題	3
詳しい	3
誇り	3
認める	3
誕生	3
誘う	3
語る	3
語句	3
語学	3
誤り	3
誤解	3
説	3
説く	3
読み	3
読書	3
課	3
課程	3
課題	3
調子	3
調査	3
請求	3
論じる	3
論争	3
論文	3
諦める	3
諮る	3
諺	3
謎	3
講演	3
警告	3
議会	3
議員	3
議論	3
議長	3
譲る	3
谷	3
豆	3
豊か	3
豊富	3
象	3
豪華	3
貝	3
負う	3
負け	3
財産	3
貢献	3
貧しい	3
販売	3
責める	3
責任	3
貯金	3
貴重	3
貸し	3
費用	3
資本	3
資格	3
資源	3
賛成	3
賞	3
賞品	3
賢い	3
質	3
賭ける	3
贅沢	3
贈る	3
起こる	3
起源	3
超える	3
超す	3
越える	3
越す	3
足袋	3
跡	3
蹴る	3
身	3
身体	3
身長	3
軍	3
軍隊	3
軒	3
転ぶ	3
転校	3
載せる	3
載る	3
輝く	3
輪	3
辞める	3
辞退	3
農家	3
農業	3
農民	3
辺り	3
迎え	3
近代	3
近視	3
近頃	3
述べる	3
迷う	3
迷子	3
迷惑	3
追い付く	3
追う	3
退く	3
退学	3
退屈	3
逆	3
逆らう	3
途端	3
通じる	3
通す	3
通り過ぎる	3
通信	3
通勤	3
通学	3
通行	3
通訳	3
通貨	3
通過	3
速度	3
連れ	3
連想	3
連続	3
逮捕	3
週	3
進める	3
進学	3
進歩	3
進行	3
遂に	3
遅れ	3
遅刻	3
運	3
過ごす	3
過去	3
過程	3
道徳	3
道路	3
達する	3
違い	3
違いない	3
違反	3
適する	3
適切	3
適度	3
適用	3
遭う	3
選手	3
選択	3
選挙	3
選考	3
避ける	3
郡	3
部分	3
郵便	3
都会	3
都市	3
酌む	3
配達	3
酒	3
酔う	3
酢	3
酸化	3
酸性	3
酸素	3
重なる	3
重ねる	3
重体	3
重大	3
重要	3
重視	3
野	3
野党	3
量	3
量る	3
金	3
金属	3
金庫	3
金融	3
金銭	3
金額	3
針	3
釣	3
鉄	3
鉄道	3
銀	3
銃	3
銅貨	3
鋭い	3
鍋	3
鎖	3
鐘	3
長期	3
閉じる	3
開始	3
間違い	3
間隔	3
関する	3
関心	3
関連	3
防ぐ	3
降ろす	3
降伏	3
限る	3
限界	3
除く	3
陰	3
陸	3
陽気	3
隊	3
際	3
障害	3
隠す	3
隠れる	3
集まり	3
集中	3
集団	3
雇う	3
離す	3
離れる	3
離婚	3
難	3
雰囲気	3
雷	3
電子	3
需要	3
震える	3
霜	3
霧	3
露	3
青年	3
非常	3
非行	3
面	3
面倒	3
面接	3
革	3
頂上	3
順	3
順番	3
順調	3
預かる	3
預ける	3
頬	3
頭痛	3
頼る	3
題	3
題名	3
額	3
願い	3
願う	3
風景	3
飛ばす	3
飛び出す	3
飛行	3
食う	3
食卓	3
食品	3
食料	3
食欲	3
食物	3
食糧	3
飯	3
飼う	3
飽きる	3
飾り	3
餌	3
首相	3
首都	3
香り	3
馬	3
馬鹿	3
馴らす	3
馴れる	3
駆ける	3
駐車	3
騒ぎ	3
騒音	3
騙す	3
驚き	3
骨	3
骨折	3
高まる	3
高める	3
高価	3
高速	3
髪の毛	3
鬼	3
魅力	3
鳴らす	3
黒板	3
黙る	3
鼠	3
～敗	3
～観	3
×	4
〜	4
あいまい	4
あおぐ	4
あおじろい	4
あきれる	4
あくび	4
あくまで	4
あくる～	4
あけがた	4
あこがれる	4
あさねぼう	4
あしあと	4
あしもと	4
あじわう	4
あちらこちら	4
あっしゅく	4
あつかましい	4
あてな	4
あてはまる	4
あてはめる	4
あばれる	4
あふれる	4
あぶる	4
あまど	4
あまやかす	4
あまる	4
あみもの	4
あむ	4
あやうい	4
あやしい	4
あらい	4
あらすじ	4
あらためて	4
あらためる	4
ありがたい	4
あれこれ	4
あれる	4
あわただしい	4
あんい	4
いいだす	4
いいつける	4
いきいき	4
いきなり	4
いぎ	4
いくじ	4
いくぶん	4
いく～	4
いけばな	4
いこう	4
いご	4
いさましい	4
いしょくじゅう	4
いちいち	4
いちおう	4
いちだんと	4
いちりゅう	4
いっさくじつ	4
いっさくねん	4
いっせい	4
いったん	4
いってい	4
いっていらっしゃい	4
いってきます	4
いってまいります	4
いってらっしゃい	4
いてん	4
いど	4
いばる	4
いやがる	4
いよいよ	4
いれもの	4
いんりょく	4
うえき	4
うかぶ	4
うかべる	4
うく	4
うけたまわる	4
うけとり	4
うけもつ	4
うすぐらい	4
うすめる	4
うちあわせ	4
うちけす	4
うどん	4
うなずく	4
うやまう	4
うらがえす	4
うらぐち	4
うらなう	4
うらみ	4
うらむ	4
うらやむ	4
うりあげ	4
うりきれ	4
うりきれる	4
うれゆき	4
うろうろ	4
うわ～	4
うんが	4
うんと	4
えいぶん	4
えいわ	4
ええと	4
えきたい	4
えのぐ	4
えらい	4
えんかい	4
えんげい	4
えんげき	4
えんしゅう	4
えんそく	4
えんちょう	4
えんとつ	4
おいかける	4
おいこす	4
おうじょ	4
おうずる	4
おうせつ	4
おうたい	4
おうふく	4
おうべい	4
おうよう	4
おおざっぱ	4
おおどおり	4
おおよそ	4
おかえり	4
おかけください	4
おかげさまで	4
おかず	4
おかまいなく	4
おかわり	4
おがむ	4
おきのどくに	4
おぎなう	4
おくがい	4
おくりがな	4
おげんきで	4
おこたる	4
おさきに	4
おしい	4
おじ	4
おじゃまします	4
おせわになりました	4
おだいじに	4
おちつく	4
おてつだいさん	4
おでかけ	4
おとしもの	4
おどかす	4
おどろかす	4
おねがいします	4
おのおの	4
おはよう	4
おば	4
おまいり	4
おまたせしました	4
おまちください	4
おまちどおさま	4
おめでたい	4
おもいがけない	4
おもいきり	4
おもいこむ	4
おもいっきり	4
おもたい	4
おやすみ	4
おやつ	4
おやゆび	4
おんけい	4
おんしつ	4
おんせん	4
おんたい	4
おんちゅう	4
おんなのひと	4
おん～	4
お世話になりました	4
お代わり	4
お休み	4
お元気で	4
お先に	4
お出掛け	4
お参り	4
お大事に	4
お帰り	4
お待たせしました	4
お待ちください	4
お手伝いさん	4
お気の毒に	4
お邪魔します	4
お願いします	4
かいかい	4
かいかん	4
かいさつ	4
かいさん	4
かいすいよく	4
かいすう	4
かいすうけん	4
かいせい	4
かいせつ	4
かいぞう	4
かいつう	4
かいてん	4
かいとう	4
かいほう	4
かいよう	4
かえって	4
かおく	4
かおの～	4
かかわる	4
かきとめ	4
かきとり	4
かきね	4
かぎり	4
かくう	4
かくじ	4
かくじゅう	4
かくち	4
かくちょう	4
かくど	4
かくべつ	4
かくりつ	4
かく～	4
かけざん	4
かけつ	4
かこう	4
かさを～	4
かざん	4
かしこまりました	4
かしだし	4
かしつ	4
かしま	4
かしや	4
かしょ	4
かじつ	4
かじょう	4
かじる	4
かせん	4
かぜい	4
かそく	4
かそくど	4
かたまり	4
かたまる	4
かたみち	4
かたむく	4
かたよる	4
かっこ	4
かってに	4
かつぐ	4
かつじ	4
かつりょく	4
かな	4
かなづかい	4
かねつ	4
かねる	4
かはんすう	4
かび	4
かぶせる	4
かま	4
かまいません	4
かみくず	4
かみさま	4
かみそり	4
かもつ	4
からかう	4
からっぽ	4
かるた	4
かれる	4
かわいがる	4
かわせ	4
かわら	4
かんき	4
かんげき	4
かんさい	4
かんしょう	4
かんずる	4
かんせつ	4
かんそく	4
かんたい	4
かんちがい	4
かんちょう	4
かんづめ	4
かんでんち	4
かんとう	4
かんねん	4
かんばん	4
かんぱい	4
かんびょう	4
かんむり	4
かんわ	4
がいぶ	4
がいろん	4
がい～	4
がくじゅつ	4
がくねん	4
がくぶ	4
がくりょく	4
がっか	4
がっかい	4
がっきゅう	4
がんじつ	4
きあつ	4
きかんしゃ	4
きがえ	4
きがえる	4
ききん	4
きぐ	4
きごう	4
きざむ	4
きしょう	4
きじゅん	4
きせる	4
きそ	4
きち	4
きっかけ	4
きばん	4
きゃくせき	4
きゃくま	4
きゅうぎょう	4
きゅうよ	4
きゅうよう	4
きょうか	4
きょうさん～	4
きょうしゅく	4
きょうよう	4
きょくせん	4
きよい	4
きりつ	4
きをつける	4
きんぎょ	4
ぎしき	4
ぎっしり	4
ぎょうじ	4
ぎょうれつ	4
ぎょぎょう	4
くいき	4
くうそう	4
くうちゅう	4
くう～	4
くぎ	4
くぎる	4
くし	4
くしゃみ	4
くしん	4
くじょう	4
くすりゆび	4
くず	4
くずす	4
くずれる	4
くたびれる	4
くだく	4
くだける	4
くだらない	4
くちびる	4
くちべに	4
くっつく	4
くっつける	4
くとうてん	4
くどい	4
くばる	4
くふう	4
くぶん	4
くみあわせ	4
くみたてる	4
くやむ	4
くるむ	4
くれぐれも	4
ぐうすう	4
けいこ	4
けいこうとう	4
けいご	4
けいしき	4
けいぞく	4
けいと	4
けいとう	4
けいど	4
けいば	4
けいび	4
けいようし	4
けいようどうし	4
けがわ	4
けずる	4
けた	4
けっさく	4
けつあつ	4
けはい	4
けむい	4
けわしい	4
けんがく	4
けんきょ	4
けんしゅう	4
けんそん	4
けんちょう	4
けんびきょう	4
けんめい	4
げいのう	4
げか	4
げきぞう	4
げしゃ	4
げじゅん	4
げすい	4
げた	4
げっきゅう	4
げつまつ	4
げひん	4
げんこう	4
げんさん	4
げんし	4
げんじゅう	4
げんど	4
げんに	4
げんり	4
げんりょう	4
げん～	4
こいしい	4
こういん	4
こうきゅう	4
こうきょう	4
こうげい	4
こうさ	4
こうし	4
こうしき	4
こうして	4
こうしゅう	4
こうじ	4
こうじつ	4
こうすい	4
こうせき	4
こうせん	4
こうそう	4
こうぞう	4
こうたい	4
こうち	4
こうつうきかん	4
こうてい	4
こうとう	4
こうど	4
こうひょう	4
こうぶつ	4
こうむ	4
こうもく	4
こうよう	4
こうよう もみじ	4
こうりゅう	4
こうりょく	4
こう～	4
こがす	4
こくおう	4
こくりつ	4
こげる	4
こころあたり	4
こころえる	4
こごえる	4
こしかけ	4
こしかける	4
こしらえる	4
こする	4
こたい	4
こちらこそ	4
こっそり	4
こづかい	4
こてん	4
ことづける	4
ことばづかい	4
こないだ	4
こゆび	4
こらえる	4
ころがす	4
ころがる	4
こん	4
こんごう	4
こんだて	4
こんばんは	4
こん～	4
こ～	4
ごういん	4
ごうどう	4
ごうり	4
ごうりゅう	4
ごくろうさま	4
ごじゅうおん	4
ごちそうさま	4
ごと	4
ごぶさた	4
ごめん	4
ごめんください	4
ごらく	4
ごらん	4
ご苦労様	4
さいさん	4
さいじつ	4
さいそく	4
さいてん	4
さいなん	4
さいほう	4
さい～	4
さかさ	4
さかさま	4
さかのぼる	4
さかば	4
さきおととい	4
さきほど	4
さくいん	4
さくしゃ	4
さくじょ	4
さくせい	4
さぐる	4
ささやく	4
さしつかえ	4
さしひき	4
さしみ	4
さじ	4
さすが	4
さっさと	4
さっそく	4
さつえい	4
さび	4
さびる	4
さまたげる	4
さようなら	4
さわがしい	4
さわやか	4
さんかく	4
さんすう	4
さんち	4
さんりん	4
ざいがく	4
ざいもく	4
ざしき	4
ざつおん	4
ざぶとん	4
しあがる	4
しあさって	4
しいんと	4
しおから	4
しおからい	4
しかい	4
しかく しかくい	4
しかくい	4
しかたがない	4
しきち	4
しく	4
しげる	4
ししゃごにゅう	4
しじゅう	4
しずまる	4
しせい	4
しぜんかがく	4
しそん	4
したい	4
したがき	4
したまち	4
しっき	4
しっぴつ	4
しっぽ	4
しつこい	4
しつれいしました	4
しつれん	4
しつ～	4
してい	4
してつ	4
しばる	4
しびれる	4
しへい	4
しぼむ	4
しぼる	4
しみじみ	4
しめい	4
しめきり	4
しめきる	4
しめた	4
しゃかいかがく	4
しゃがむ	4
しゃこ	4
しゃしょう	4
しゃせい	4
しゃせつ	4
しゃっくり	4
しゃぶる	4
しゃりん	4
しゃれ	4
しゅうかい	4
しゅうきん	4
しゅうごう	4
しゅうじ	4
しゅうぜん	4
しゅうてん	4
しゅうにん	4
しゅうへん	4
しゅうりょう	4
しゅくしょう	4
しゅくじつ	4
しゅご	4
しゅじん	4
しゅっきん	4
しゅっちょう	4
しゅやく	4
しょうか	4
しょうがくせい	4
しょうがない	4
しょうきょくてき	4
しょうきん	4
しょうぎ	4
しょうぎょう	4
しょうしゃ	4
しょうじ	4
しょうすう	4
しょうずる	4
しょうてん	4
しょうどく	4
しょうはい	4
しょうぶ	4
しょうべん	4
しょうぼうしょ	4
しょうみ	4
しょうめん	4
しょうもう	4
しょう～	4
しょきゅう	4
しょくえん	4
しょくにん	4
しょくば	4
しょじゅん	4
しょせき	4
しょっき	4
しょてん	4
しょどう	4
しょほ	4
しょ～	4
しらが	4
しりつ	4
しりょう	4
しろうと	4
しわ	4
しん	4
しんかんせん	4
しんくう	4
しんしん	4
しんずる	4
しんせい	4
しんだい	4
しんだん	4
しんにゅう	4
しんや	4
しんりん	4
しんるい	4
しんろ	4
しんわ	4
じいん	4
じえい	4
じかんわり	4
じさん	4
じしゃく	4
じしゅう	4
じそく	4
じたく	4
じち	4
じっかん	4
じっしゅう	4
じっせき	4
じつぶつ	4
じつよう	4
じつれい	4
じばん	4
じめん	4
じゃくてん	4
じゃぐち	4
じゃんけん	4
じゅうきょ	4
じゅうたん	4
じゅうてん	4
じゅうやく	4
じゅうりょう	4
じゅうりょく	4
じゅう～	4
じゅくご	4
じゅけん	4
じゅつご	4
じゅみょう	4
じゅわき	4
じゅんかん	4
じゅんさ	4
じゅんじゅん	4
じゅんじょ	4
じゅんじょう	4
じゅんすい	4
じょうき	4
じょうきゅう	4
じょうぎ	4
じょうげ	4
じょうしゃ	4
じょうじゅん	4
じょうはつ	4
じょうひん	4
じょきょうじゅ	4
じょ～	4
じんじ	4
じんぞう	4
じんぶんかがく	4
じんめい	4
すいさん	4
すいじ	4
すいじょうき	4
すいそ	4
すいちょく	4
すいてい	4
すいてき	4
すいとう	4
すいぶん	4
すいへい	4
すいへいせん	4
すいめん	4
すいよう	4
すえっこ	4
すききらい	4
すきずき	4
すきとおる	4
すきま	4
すぎ	4
すず	4
すずむ	4
すっきり	4
すなお	4
すまい	4
すまない	4
すもう	4
すんぽう	4
ずいひつ	4
ずうずうしい	4
ずうっと	4
ずかん	4
ずけい	4
ずのう	4
ずひょう	4
ずらす	4
ずらり	4
ずるい	4
せいさく	4
せいしょ	4
せいしょうねん	4
せいすう	4
せいそう	4
せいぞん	4
せいとう	4
せいのう	4
せいび	4
せいぶん	4
せいべつ	4
せいほうけい	4
せいもん	4
せいりつ	4
せいれき	4
せおう	4
せきどう	4
せっかく	4
せっきん	4
せっする	4
せっせと	4
せつぞく	4
せともの	4
せまる	4
せめて	4
せりふ	4
せんす	4
せんせんげつ	4
せんせんしゅう	4
せんぞ	4
せんたん	4
せんとう	4
せんぷうき	4
せんめん	4
せんろ	4
ぜいかん	4
ぜひとも	4
ぜんご	4
ぜんしゅう	4
ぜんぱん	4
ぜんりょく	4
ぜん～	4
そうい	4
そういえば	4
そうこ	4
そうご	4
そうさく	4
そうしき	4
そうぞうしい	4
そうっと	4
そうべつ	4
そうりだいじん	4
そうりょう	4
そう～	4
そくたつ	4
そくてい	4
そくりょう	4
そくりょく	4
そしつ	4
そせん	4
そそっかしい	4
そっちょく	4
そのころ	4
そのため	4
そのほか	4
その他	4
そる	4
それなのに	4
それなら	4
それはいけませんね	4
それる	4
そろばん	4
そんとく	4
ぞうきん	4
ぞうげん	4
ぞうせん	4
ぞうだい	4
ぞうり	4
ぞくする	4
ぞくぞく	4
ぞんじる	4
ぞんずる	4
たいけい	4
たいこ	4
たいさく	4
たいして	4
たいせい	4
たいせき	4
たいそう	4
たいぼく	4
たいりつ	4
たうえ	4
たえず	4
たがやす	4
たき	4
たくわえる	4
たけ	4
ただいま	4
ただし	4
たちどまる	4
たちまち	4
たとえる	4
たのもしい	4
ためいき	4
ためらう	4
たる	4
たんき	4
たんこう	4
たんしょ	4
たんす	4
たんすい	4
たんすう	4
たんぺん	4
たんぼ	4
たん～	4
だいいち	4
だいがくいん	4
だいく	4
だいしょう	4
だいぶん	4
だいめいし	4
だい～	4
だえん	4
だっせん	4
だとう	4
だらしない	4
だんかい	4
だんすい	4
だんち	4
だんてい	4
ちかう	4
ちかすい	4
ちかぢか	4
ちかづける	4
ちかよる	4
ちからづよい	4
ちぎる	4
ちしつ	4
ちじん	4
ちたい	4
ちぢむ	4
ちぢめる	4
ちぢれる	4
ちてん	4
ちめい	4
ちゃいろい	4
ちゃくちゃく	4
ちゅうかん	4
ちゅうしょう	4
ちゅうじゅん	4
ちゅうせい	4
ちゅうと	4
ちゅうねん	4
ちょうか	4
ちょうこく	4
ちょうしょ	4
ちょうじょ	4
ちょうせい	4
ちょうせつ	4
ちょうたん	4
ちょうてん	4
ちょうなん	4
ちょうほうけい	4
ちょうみりょう	4
ちょう～	4
ちょくご	4
ちょくせん	4
ちょくぜん	4
ちょくつう	4
ちょくりゅう	4
ちょぞう	4
ちょっかく	4
ちょっけい	4
ちらかす	4
ちらかる	4
ちりがみ	4
ついか	4
ついで	4
つうずる	4
つうち	4
つうちょう	4
つうよう	4
つうろ	4
つきあたり	4
つきあたる	4
つきひ	4
つっこむ	4
つな	4
つながり	4
つぶ	4
つぶす	4
つぶれる	4
つまずく	4
つまる	4
つめ	4
つや	4
つよき	4
つりあう	4
つるす	4
てあらい	4
ていいん	4
ていか	4
ていきけん	4
ていきゅうび	4
ていし	4
ていしゃ	4
ていれ	4
てい～	4
てきかく	4
てくび	4
てごろ	4
てちょう	4
てっきょう	4
てっぽう	4
てつづき	4
てぬぐい	4
てまえ	4
てらす	4
てる	4
てんかい	4
てんすう	4
てんてん	4
てんのう	4
でいり	4
でいりぐち	4
できあがり	4
できあがる	4
でこぼこ	4
でし	4
でたらめ	4
でむかえ	4
でむかえる	4
でんきゅう	4
でんせん	4
でんち	4
でんちゅう	4
でんぱ	4
でんりゅう	4
でんりょく	4
といあわせ	4
とういつ	4
とうけい	4
とうげ	4
とうざい	4
とうしょ	4
とうじつ	4
とうじょう	4
とうだい	4
とうなん	4
とうばん	4
とうぶん	4
とうめい	4
とうゆ	4
とおりかかる	4
とかす	4
とがる	4
とくしゅ	4
とくしょく	4
とくてい	4
とくばい	4
とけこむ	4
とこのま	4
ところどころ	4
としん	4
とだな	4
とっくに	4
ととのう	4
とどまる	4
とびこむ	4
ともかく	4
とらえる	4
とりいれる	4
とりけす	4
とりだす	4
とりわけ	4
どういたしまして	4
どうかく	4
どうさ	4
どうせ	4
どうわ	4
どう～	4
どきどき	4
どける	4
どっと	4
どなる	4
どんぶり	4
ないか	4
ないせん	4
なかなおり	4
なかゆび	4
なかよし	4
ながびく	4
なが～	4
なぐさめる	4
なす	4
なぞなぞ	4
なだらか	4
なつかしい	4
なでる	4
ななめ	4
なにしろ	4
なになに	4
なにぶん	4
なまいき	4
なまいきな	4
なみき	4
なんきょく	4
なんとなく	4
なんとも	4
なんべい	4
なんぼく	4
におう	4
にがす	4
にくい	4
にくむ	4
にくらしい	4
にこにこ	4
にごる	4
にじ	4
にちじ	4
にちようひん	4
にっか	4
にってい	4
にぶい	4
にほんいち	4
にゅうしゃ	4
にょうぼう	4
にらむ	4
にわか	4
ぬう	4
ねじ	4
ねじる	4
ねっする	4
ねまき	4
ねらい	4
ねらう	4
ねんど	4
のうさんぶつ	4
のうそん	4
のうど	4
のうやく	4
のうりつ	4
のこぎり	4
のこらず	4
のぼり	4
のり	4
のりかえ	4
のりこし	4
のろい	4
のろのろ	4
のんき	4
はいいろ	4
はいく	4
はう	4
はかり	4
はがす	4
はきけ	4
はきはき	4
はぐるま	4
はさまる	4
はさむ	4
はしご	4
はじめに	4
はじめまして	4
はす	4
はたして	4
はだぎ	4
はっき	4
はっそう	4
はつ	4
はつでん	4
はつばい	4
はなしあい	4
はなしかける	4
はなしちゅう	4
はなはだしい	4
はなび	4
はなよめ	4
はねる	4
はへん	4
はみがき	4
はめる	4
はやくち	4
はらいこむ	4
はらいもどす	4
はりがね	4
はりきる	4
はんえい	4
はんけい	4
はんこ	4
はんじ	4
はんとう	4
はん～	4
ばいてん	4
ばいばい	4
ばからしい	4
ばつ	4
ばね	4
ばんざい	4
ばんち	4
ひあたり	4
ひかくてき	4
ひかげ	4
ひがえり	4
ひきうける	4
ひきかえす	4
ひきざん	4
ひきだす	4
ひきとめる	4
ひきょう	4
ひきわけ	4
ひざし	4
ひじ	4
ひっかかる	4
ひっき	4
ひっくりかえす	4
ひっくりかえる	4
ひっこむ	4
ひっしゃ	4
ひつじゅひん	4
ひとさしゆび	4
ひととおり	4
ひとどおり	4
ひとまず	4
ひとみ	4
ひとやすみ	4
ひとりごと	4
ひとりでに	4
ひと～	4
ひにく	4
ひにち	4
ひねる	4
ひのいり	4
ひので	4
ひびき	4
ひびく	4
ひふ	4
ひゃっかじてん	4
ひょうし	4
ひょうしき	4
ひょうじゅん	4
ひょうほん	4
ひょうろん	4
ひるね	4
ひろさ	4
ひろば	4
ひろびろ	4
ひ～	4
びよう	4
びんせん	4
びんづめ	4
ぴかぴか	4
ぴたり	4
ふうせん	4
ふうん	4
ふきそく	4
ふきゅう	4
ふきん	4
ふくし	4
ふくしゃ	4
ふくすう	4
ふくらます	4
ふくらむ	4
ふく～	4
ふけつ	4
ふける	4
ふごう	4
ふさい	4
ふさがる	4
ふさぐ	4
ふざける	4
ふす	4
ふすま	4
ふぞく	4
ふた	4
ふなびん	4
ふぶき	4
ふぼ	4
ふみきり	4
ふもと	4
ふりがな	4
ふりむく	4
ふるさと	4
ふるまう	4
ふる～	4
ふろしき	4
ふわふわ	4
ふんか	4
ふんすい	4
ぶさた	4
ぶし	4
ぶしゅ	4
ぶっそう	4
ぶつぶつ	4
ぶひん	4
ぶらさげる	4
ぶんかい	4
ぶんけん	4
ぶんげい	4
ぶんすう	4
ぶんたい	4
ぶんぷ	4
ぶんぼうぐ	4
ぶんみゃく	4
ぶんりょう	4
ぶんるい	4
へいかい	4
へいき	4
へいこう	4
へいじつ	4
へいたい	4
へいぼん	4
へいや	4
へこむ	4
へそ	4
へだてる	4
へんしゅう	4
べっそう	4
べつべつ	4
べんじょ	4
ほうがく	4
ほうき	4
ほうげん	4
ほうしん	4
ほうそく	4
ほうたい	4
ほうちょう	4
ほうていしき	4
ほうめん	4
ほうる	4
ほがらか	4
ほけん	4
ほす	4
ほっきょく	4
ほどく	4
ほる	4
ほんの～	4
ほんぶ	4
ほんらい	4
ぼうえんきょう	4
ぼうさん	4
ぼうだい	4
ぼうはん	4
ぼうや	4
ぼう～	4
ぼくじょう	4
ぼくちく	4
ぼしゅう	4
ぼっちゃん	4
ぼろ	4
ぼん	4
ぼんち	4
まあまあ	4
まいすう	4
まいど	4
まい～	4
まくら	4
まげる	4
まごまご	4
まさつ	4
またぐ	4
まちあいしつ	4
まちあわせる	4
まちかど	4
まっくら	4
まっくろ	4
まっさお	4
まっさき	4
まっしろ	4
まつる	4
まどぐち	4
まねる	4
まぶた	4
まもなく	4
まれ	4
まわりみち	4
まんいん	4
まんてん	4
みあげる	4
みおくる	4
みおろす	4
みかけ	4
みかづき	4
みさき	4
みじめ	4
みじめな	4
みずから	4
みずぎ	4
みせや	4
みだし	4
みちじゅん	4
みっともない	4
みつめる	4
みなおす	4
みなれる	4
みにくい	4
みのる	4
みぶん	4
みほん	4
みまう	4
みまん	4
みょうじ	4
みんかん	4
みんしゅ～	4
みんよう	4
み～	4
むげん	4
むじ	4
むじゅん	4
むすう	4
むらさき	4
むれ	4
めい	4
めいさく	4
めいしょ	4
めいしん	4
めいずる	4
めいぶつ	4
めいめい	4
めい～	4
めぐまれる	4
めぐる	4
めざす	4
めざまし	4
めした	4
めじるし	4
めだつ	4
めちゃくちゃ	4
めっきり	4
めでたい	4
めまい	4
めやす	4
めんせき	4
めんぜい	4
めんどうくさい	4
もうかる	4
もうける	4
もうしわけない	4
もくざい	4
もくじ	4
もぐる	4
もしかしたら	4
もたれる	4
もち	4
もともと	4
ものおき	4
ものがたる	4
ものさし	4
ものすごい	4
もみじ	4
もむ	4
もよおし	4
もる	4
もんどう	4
やかましい	4
やかん	4
やくしゃ	4
やくしょ	4
やくにん	4
やくひん	4
やくめ	4
やけど	4
やこう	4
やじるし	4
やたらに	4
やっきょく	4
やっつける	4
やぬし	4
やぶく	4
やむをえない	4
ゆうえんち	4
ゆうかん	4
ゆうそう	4
ゆうだち	4
ゆうひ	4
ゆうゆう	4
ゆうりょう	4
ゆかた	4
ゆくえ	4
ゆけつ	4
ゆげ	4
ゆそう	4
ゆだん	4
ゆのみ	4
ゆるい	4
ようがん	4
ようご	4
ようし	4
ようせき	4
ようち	4
ようちえん	4
ようと	4
ようひんてん	4
ようぶん	4
ようもう	4
ようやく	4
ようりょう	4
よくばり	4
よく～	4
よけい	4
よこす	4
よそ	4
よっぱらい	4
よつかど	4
よび	4
よびかける	4
よびだす	4
よみがえる	4
らいにち	4
らくだい	4
らん	4
らんぼう	4
りか	4
りがい	4
りゃくす	4
りゅういき	4
りょうがわ	4
りょうし	4
りょうしゅう	4
りょうじ	4
りょう～	4
りんじ	4
るすばん	4
れいてん	4
れいとう	4
れっとう	4
れんが	4
れんごう	4
ろうそく	4
ろくおん	4
ろんずる	4
わえい	4
わかわかしい	4
わが～	4
わびる	4
わふく	4
わりあいに	4
わりざん	4
わりと	4
わりびき	4
わ～	4
アイデア	4
アイディア	4
アクセント	4
アンテナ	4
イコール	4
インキ	4
ウエートレス	4
ウーマン	4
ウール	4
エチケット	4
エプロン	4
オイル	4
オルガン	4
オーケストラ	4
オートメーション	4
カセット	4
カバー	4
カラー	4
カロリー	4
カーブ	4
カーペット	4
ガム	4
キャンパス	4
ギャング	4
クリーニング	4
クーラー	4
コック	4
コレクション	4
コンクリート	4
コンクール	4
コンセント	4
コース	4
コーラス	4
ゴム	4
サイレン	4
サラリーマン	4
サンプル	4
サークル	4
シャッター	4
ショップ	4
シリーズ	4
シーズン	4
シーツ	4
ジャーナリスト	4
スカーフ	4
スクール	4
スタート	4
スチュワーデス	4
ステージ	4
ストッキング	4
ストップ	4
スピーカー	4
スマート	4
スライド	4
スリッパ	4
セメント	4
センチ	4
ゼミ	4
タイア	4
ダイヤグラム	4
ダイヤモンド	4
ダイヤル	4
ダブル	4
ダム	4
チップ	4
チョーク	4
テニスコート	4
テンポ	4
テーマ	4
ナイロン	4
ナンバー	4
ネックレス	4
ハンドル	4
バイバイ	4
バケツ	4
バック	4
バンド	4
パターン	4
パンツ	4
ビタミン	4
ビニール	4
ビルディング	4
ピストル	4
ピンク	4
ファスナー	4
フライパン	4
フリー	4
ブラウス	4
ブラシ	4
ブローチ	4
プラットホーム	4
プリント	4
プログラム	4
ヘリコプター	4
ベテラン	4
ペンチ	4
ボーナス	4
ポスター	4
マスク	4
マフラー	4
マラソン	4
マンション	4
ミシン	4
ミリ	4
メニュー	4
モダン	4
モデル	4
モノレール	4
モーター	4
ラッシュアワー	4
ランチ	4
ランニング	4
リズム	4
リットル	4
リボン	4
レインコート	4
レクリェーション	4
レジャー	4
レンズ	4
ロッカー	4
ロビー	4
ローマじ	4
ローマ字	4
ワンピース	4
一休み	4
一定	4
一応	4
一斉	4
一旦	4
一昨年	4
一昨昨日	4
一段と	4
一流	4
一通り	4
一～	4
万歳	4
三日月	4
三角	4
上り	4
上下	4
上品	4
上旬	4
上級	4
上～	4
下品	4
下旬	4
下書き	4
下水	4
下町	4
下線	4
下車	4
下降	4
下駄	4
不潔	4
不規則	4
不運	4
両側	4
両～	4
並木	4
並行	4
中世	4
中年	4
中性	4
中指	4
中旬	4
中途	4
中間	4
主人	4
主役	4
主語	4
丼	4
乗り換え	4
乗り越し	4
乗換	4
乗車	4
乱暴	4
乾杯	4
乾電池	4
予備	4
五十音	4
井戸	4
交代	4
交差	4
交替	4
交流	4
交通機関	4
人事	4
人命	4
人差指	4
人文科学	4
人通り	4
人造	4
今～	4
仕上がる	4
仕方がない	4
付属	4
付近	4
代名詞	4
以後	4
以降	4
仮名	4
仮名遣い	4
仲直り	4
仲良し	4
休業	4
休講	4
休養	4
会館	4
伝染	4
伝記	4
伯母	4
伯父さん	4
但し	4
低下	4
低～	4
住まい	4
住居	4
体制	4
体操	4
体積	4
体系	4
何々	4
何しろ	4
何とも	4
何分	4
余る	4
余所	4
余計	4
作成	4
作者	4
作製	4
例える	4
侵入	4
便所	4
便箋	4
係わる	4
俄	4
保健	4
信ずる	4
修繕	4
俳句	4
倉庫	4
個体	4
倣う	4
偉い	4
停止	4
停車	4
偶数	4
傑作	4
催し	4
催促	4
傾く	4
傾らか	4
儀式	4
儲かる	4
儲ける	4
元々	4
元日	4
先々月	4
先々週	4
先祖	4
先程	4
先端	4
先頭	4
光線	4
免税	4
入れ物	4
入社	4
全力	4
全般	4
全集	4
公共	4
公務	4
公害	4
公式	4
公衆	4
公表	4
共産～	4
兵隊	4
兼ねる	4
内科	4
内線	4
円周	4
再三	4
再～	4
写生	4
冠	4
冷凍	4
凍える	4
凭れる	4
凸凹	4
凹む	4
出入り	4
出入り口	4
出入口	4
出勤	4
出張	4
出来上がり	4
出来上がる	4
出迎え	4
出迎える	4
分布	4
分数	4
分解	4
分量	4
分類	4
切っ掛け	4
列島	4
初めに	4
初旬	4
初歩	4
初級	4
初～	4
判事	4
判子	4
別々	4
別荘	4
利害	4
制作	4
刺身	4
刻む	4
剃る	4
剃刀	4
削る	4
削除	4
前後	4
前～	4
剥がす	4
剥す	4
副詞	4
副～	4
割と	4
割合に	4
割引	4
割算	4
創作	4
力強い	4
功績	4
加熱	4
加速	4
加速度	4
助教授	4
努める	4
効力	4
勇ましい	4
動作	4
勘違い	4
務める	4
勝手に	4
勝敗	4
勝負	4
募集	4
匂う	4
包丁	4
包帯	4
北極	4
匙	4
区分	4
区切る	4
区域	4
半島	4
半径	4
卑怯	4
卒直	4
南北	4
南極	4
南米	4
単数	4
占う	4
危うい	4
却って	4
厚かましい	4
原始	4
原料	4
原理	4
原産	4
原稿	4
厳重	4
反映	4
反～	4
叔母	4
叔父	4
取り入れる	4
取り出す	4
取り消す	4
受け持つ	4
受取	4
受話器	4
受験	4
口実	4
口紅	4
古典	4
古里	4
古～	4
句読点	4
可愛がる	4
可決	4
台詞	4
司会	4
各々	4
各地	4
各自	4
各～	4
合同	4
合流	4
合理	4
吊す	4
吊る	4
同格	4
同～	4
名作	4
名字	4
名所	4
名物	4
名～	4
吐き気	4
吹雪	4
呆れる	4
呑気	4
周辺	4
味わう	4
呼び出す	4
呼び掛ける	4
命ずる	4
和服	4
和英	4
和～	4
唇	4
商店	4
商業	4
商社	4
問い合わせ	4
問答	4
喧しい	4
器具	4
噴水	4
噴火	4
囁く	4
四つ角	4
四捨五入	4
四角い	4
回り道	4
回数	4
回数券	4
回答	4
回転	4
団地	4
図々しい	4
図形	4
図表	4
図鑑	4
固まる	4
国王	4
国立	4
園芸	4
圧縮	4
在学	4
地下水	4
地名	4
地帯	4
地点	4
地盤	4
地質	4
地面	4
坊さん	4
坊っちゃん	4
坊や	4
垂直	4
垣根	4
執筆	4
基地	4
基準	4
基盤	4
基礎	4
堪える	4
塊	4
塞がる	4
塞ぐ	4
塩辛	4
塩辛い	4
塵紙	4
境界	4
増大	4
増減	4
売り上げ	4
売り切れ	4
売り切れる	4
売れ行き	4
売上	4
売店	4
売行き	4
売買	4
夕刊	4
夕日	4
夕立	4
外科	4
外部	4
外～	4
夜行	4
夜間	4
大して	4
大凡	4
大学院	4
大小	4
大層	4
大工	4
大木	4
大通り	4
天皇	4
太鼓	4
夫妻	4
失恋	4
女の人	4
女房	4
女～	4
好き好き	4
好き嫌い	4
妥当	4
妨げる	4
始めに	4
始終	4
姪	4
姿勢	4
威張る	4
娯楽	4
嫌がる	4
子孫	4
存じる	4
存ずる	4
孝行	4
学会	4
学力	4
学年	4
学科	4
学級	4
学術	4
学部	4
安易	4
官庁	4
定休日	4
定価	4
定員	4
定期券	4
定規	4
宛名	4
実る	4
実例	4
実感	4
実物	4
実用	4
実績	4
実習	4
客席	4
客間	4
室～	4
宴会	4
家主	4
家屋	4
容積	4
寒帯	4
寝台	4
寝巻	4
寝間着	4
寸法	4
寺院	4
対立	4
対策	4
寿命	4
専制	4
将棋	4
小便	4
小学生	4
小指	4
小数	4
小母さん	4
小父さん	4
小遣い	4
小～	4
少なくとも	4
尖る	4
就任	4
屋外	4
屑	4
展開	4
属する	4
山林	4
岬	4
峠	4
崩す	4
崩れる	4
巡る	4
巡査	4
工事	4
工員	4
工夫	4
工芸	4
差し引き	4
差し支え	4
干す	4
平凡	4
平日	4
平気	4
平野	4
年度	4
幼児	4
幼稚	4
幼稚園	4
幾分	4
幾～	4
広々	4
広さ	4
広場	4
床の間	4
店屋	4
座布団	4
座敷	4
延長	4
式	4
引き出す	4
引き分け	4
引き止める	4
引き返す	4
引っ掛かる	4
引っ繰り返す	4
引っ繰り返る	4
引っ越し	4
引っ込む	4
引分け	4
引力	4
引受る	4
引算	4
弟子	4
弱点	4
張り切る	4
強化	4
強引	4
強気	4
当てはまる	4
当てはめる	4
当日	4
当番	4
形容動詞	4
形容詞	4
形式	4
彫る	4
彫刻	4
役人	4
役所	4
役目	4
役者	4
往復	4
待ち合わせる	4
待合室	4
御中	4
御免	4
御無沙汰	4
御覧	4
循環	4
心当たり	4
心得る	4
心身	4
必需品	4
応ずる	4
応対	4
応接	4
応用	4
快晴	4
怒鳴る	4
思いっきり	4
思いっ切り	4
思い切り	4
思い掛けない	4
思い込む	4
怠る	4
性別	4
性能	4
怪しい	4
恋しい	4
恐縮	4
恨み	4
恨む	4
恩恵	4
恵まれる	4
悔やむ	4
悠々	4
惜しい	4
惨めな	4
意義	4
感ずる	4
感激	4
慌ただしい	4
慰める	4
慶ぶ	4
憎い	4
憎む	4
憎らしい	4
憧れる	4
懐かしい	4
懸命	4
成分	4
成立	4
我～	4
戸棚	4
所々	4
扇ぐ	4
扇子	4
扇風機	4
手ごろ	4
手入れ	4
手前	4
手帳	4
手拭い	4
手洗い	4
手続き	4
手頃	4
手首	4
打ち消す	4
打合せ	4
払い戻す	4
払い込む	4
承る	4
投書	4
折角	4
押さえる	4
抽象	4
担ぐ	4
拝む	4
拡充	4
拡張	4
括弧	4
持参	4
指定	4
挟まる	4
挟む	4
振り仮名	4
振り向く	4
振舞う	4
捕える	4
捕る	4
捜す	4
捩る	4
捻る	4
掘る	4
掛け算	4
採る	4
採点	4
探る	4
接する	4
接続	4
接近	4
推定	4
揉む	4
換気	4
損得	4
摩擦	4
撫でる	4
撮影	4
改めて	4
改める	4
改札	4
改正	4
改造	4
放る	4
政党	4
教養	4
散らかす	4
散らかる	4
敬う	4
敬語	4
整う	4
整備	4
整数	4
敷く	4
敷地	4
文体	4
文房具	4
文献	4
文脈	4
文芸	4
斜	4
斜め	4
斬る	4
断定	4
断水	4
新幹線	4
方程式	4
方角	4
方言	4
方針	4
方面	4
日にち	4
日の入り	4
日の出	4
日差し	4
日帰り	4
日当たり	4
日日	4
日時	4
日用品	4
日程	4
日課	4
日陰	4
早口	4
早速	4
明くる～	4
明け方	4
明明後日	4
昼寝	4
時速	4
時間割	4
普及	4
暴れる	4
曲げる	4
曲線	4
更ける	4
書取	4
書店	4
書留	4
書籍	4
書道	4
最～	4
月日	4
月末	4
月給	4
有料	4
有難い	4
朗らか	4
望遠鏡	4
朝寝坊	4
木材	4
未満	4
未～	4
末っ子	4
本来	4
本部	4
杉	4
材木	4
来日	4
東西	4
枕	4
枚数	4
果して	4
果たして	4
果実	4
枯れる	4
架空	4
栓	4
校庭	4
格別	4
桁	4
梯子	4
森林	4
植木	4
楕円	4
概論	4
構いません	4
構造	4
標本	4
標準	4
標識	4
機関車	4
櫛	4
欄	4
欧米	4
欲張り	4
正味	4
正方形	4
正門	4
正面	4
武士	4
歯磨き	4
歯車	4
死体	4
残らず	4
段階	4
殿	4
毎度	4
毎～	4
比較的	4
毛皮	4
毛糸	4
氏名	4
民主～	4
民謡	4
民間	4
気を付ける	4
気圧	4
気配	4
水分	4
水平	4
水平線	4
水曜	4
水滴	4
水産	4
水着	4
水筒	4
水素	4
水蒸気	4
水面	4
汁	4
油断	4
法則	4
洋品店	4
洒落	4
洗面	4
活力	4
活字	4
流域	4
流石	4
浮かべる	4
浮く	4
浮ぶ	4
浴衣	4
海水浴	4
海洋	4
消化	4
消極的	4
消毒	4
消耗	4
消防署	4
液体	4
涼む	4
淡水	4
深夜	4
混合	4
清い	4
清掃	4
清書	4
温室	4
温帯	4
温泉	4
測定	4
測量	4
湯気	4
湯飲	4
湯飲み	4
満員	4
満点	4
溜息	4
溶かす	4
溶け込む	4
溶岩	4
滝	4
漁師	4
漁業	4
演劇	4
漢和	4
漸く	4
潜る	4
潰す	4
潰れる	4
激増	4
濁る	4
濃度	4
瀬戸物	4
火傷	4
火口	4
火山	4
灯台	4
灯油	4
灰色	4
災難	4
炊事	4
炒る	4
炭鉱	4
点々	4
点数	4
為す	4
為替	4
無地	4
無数	4
無沙汰	4
無限	4
焦がす	4
焦げる	4
焦点	4
煉瓦	4
煎る	4
煙い	4
煙突	4
照らす	4
照る	4
熟語	4
熱する	4
爪	4
父母	4
片寄る	4
片道	4
牧場	4
牧畜	4
物凄い	4
物差し	4
物置	4
物語る	4
物騒	4
特売	4
特定	4
特殊	4
特色	4
狙い	4
狙う	4
狡い	4
独り言	4
献立	4
率直	4
王女	4
現に	4
現～	4
理科	4
瓦	4
瓶詰	4
甘やかす	4
甚だしい	4
生き生き	4
生け花	4
生ずる	4
生存	4
生意気	4
生意気な	4
産地	4
用語	4
用途	4
田ぼ	4
田植え	4
申し訳ない	4
申請	4
留まる	4
留守番	4
略す	4
番地	4
発	4
発売	4
発想	4
発揮	4
発電	4
登場	4
白髪	4
百科事典	4
的確	4
皮肉	4
皮膚	4
盆	4
盆地	4
盗難	4
盛る	4
目下	4
目印	4
目安	4
目指す	4
目次	4
目立つ	4
目覚し	4
直前	4
直径	4
直後	4
直流	4
直線	4
直角	4
直通	4
相互	4
相撲	4
相違	4
省～	4
看板	4
看病	4
県庁	4
真っ先	4
真っ暗	4
真っ白	4
真っ青	4
真っ黒	4
真似る	4
真空	4
着々	4
着せる	4
着替え	4
着替える	4
睨む	4
瞳	4
矛盾	4
矢印	4
知り合い	4
知人	4
短所	4
短期	4
短編	4
短～	4
研修	4
砕く	4
砕ける	4
破く	4
破片	4
確率	4
磁石	4
社会科学	4
社説	4
祖先	4
祝日	4
神様	4
神話	4
祭る	4
祭日	4
私立	4
私鉄	4
秤	4
移転	4
稀	4
税関	4
稽古	4
空っぽ	4
空中	4
空想	4
空～	4
突き当たり	4
突き当たる	4
突っ込む	4
窓口	4
立ち止まる	4
童話	4
競馬	4
竹	4
符号	4
第～	4
筆者	4
筆記	4
等分	4
箇所	4
箒	4
算数	4
算盤	4
粒	4
粗い	4
粗筋	4
糊	4
系統	4
紅葉	4
純情	4
純粋	4
紙屑	4
紙幣	4
素人	4
素直	4
素質	4
索引	4
紫	4
紺	4
終了	4
終点	4
組み立てる	4
組合せ	4
経度	4
絞る	4
給与	4
統一	4
統計	4
絵の具	4
絶えず	4
継続	4
続々	4
綱	4
総理大臣	4
総～	4
線路	4
締め切り	4
締め切る	4
締切	4
編み物	4
編む	4
編集	4
緩い	4
緯度	4
縛る	4
縞	4
縫う	4
縮む	4
縮める	4
縮れる	4
縮小	4
繋がり	4
缶詰	4
羊毛	4
美容	4
群れ	4
羨む	4
翌～	4
習字	4
耕す	4
耕地	4
職人	4
職場	4
肌着	4
肘	4
肯定	4
育児	4
背負う	4
能率	4
脅かす	4
脱線	4
腰掛	4
腰掛け	4
腰掛ける	4
膨らます	4
膨らむ	4
膨大	4
臨時	4
自ら	4
自宅	4
自治	4
自然科学	4
自習	4
自衛	4
船便	4
艶	4
芯	4
花嫁	4
花火	4
芸能	4
若々しい	4
苦心	4
苦情	4
英和	4
英文	4
茂る	4
茶色い	4
草履	4
荒い	4
荒れる	4
萎む	4
落し物	4
落着く	4
落第	4
葬式	4
蒸気	4
蒸発	4
蓄える	4
蓋	4
薄める	4
薄暗い	4
薬品	4
薬局	4
薬指	4
蘇る	4
虹	4
蛇口	4
蛍光灯	4
血圧	4
行っていらっしゃい	4
行ってらっしゃい	4
行事	4
行列	4
行方	4
街角	4
衣食住	4
表紙	4
被せる	4
裁縫	4
裏口	4
裏返す	4
補う	4
製作	4
複写	4
複数	4
襖	4
西暦	4
要旨	4
要領	4
見上げる	4
見下ろす	4
見出し	4
見学	4
見慣れる	4
見掛け	4
見本	4
見直す	4
見舞う	4
見詰める	4
見送る	4
規律	4
規準	4
親指	4
親類	4
観念	4
観測	4
角度	4
解放	4
解散	4
解答	4
解説	4
言い付ける	4
言い出す	4
言付ける	4
言葉遣い	4
記号	4
診断	4
評論	4
詫びる	4
詰まる	4
話し合い	4
話し掛ける	4
話中	4
話合い	4
誓う	4
課税	4
調味料	4
調整	4
調節	4
論ずる	4
諸～	4
謎謎	4
謙虚	4
謙遜	4
講師	4
警備	4
貨物	4
貯蔵	4
貸し出し	4
貸家	4
貸間	4
資料	4
賞金	4
赤道	4
起床	4
超過	4
足る	4
足元	4
足跡	4
跨ぐ	4
跳ねる	4
踏切	4
躓く	4
身分	4
車庫	4
車掌	4
車輪	4
軟らかい	4
転々	4
転がす	4
転がる	4
輸血	4
輸送	4
農村	4
農産物	4
農薬	4
近々	4
近付ける	4
近寄る	4
迫る	4
述語	4
迷信	4
追いかける	4
追い越す	4
追加	4
退ける	4
送り仮名	4
送別	4
送料	4
逃がす	4
逆さ	4
逆様	4
透き通る	4
透明	4
這う	4
通ずる	4
通り掛かる	4
通帳	4
通用	4
通知	4
通路	4
速力	4
速達	4
造船	4
連合	4
逸れる	4
遊園地	4
運河	4
過剰	4
過半数	4
過失	4
道順	4
遠足	4
遡る	4
適確	4
部品	4
部首	4
郵送	4
都心	4
配る	4
酒場	4
酔っ払い	4
醜い	4
重たい	4
重力	4
重役	4
重点	4
重量	4
重～	4
金魚	4
釘	4
釜	4
針路	4
針金	4
釣り合う	4
鈍い	4
鈴	4
鉄橋	4
鉄砲	4
鉢	4
鉱物	4
銅	4
銘々	4
錆	4
錆びる	4
録音	4
鑑賞	4
長女	4
長引く	4
長所	4
長方形	4
長男	4
長短	4
長～	4
閉会	4
開会	4
開放	4
開通	4
間もなく	4
間も無く	4
間接	4
関東	4
関西	4
防止	4
防犯	4
防～	4
附属	4
限り	4
限度	4
険しい	4
陽射	4
随筆	4
隔てる	4
隙	4
隙間	4
障子	4
集会	4
集合	4
集金	4
雑巾	4
雑音	4
雨戸	4
零点	4
電力	4
電柱	4
電池	4
電波	4
電流	4
電球	4
青少年	4
青白い	4
静まる	4
非～	4
面倒臭い	4
面積	4
響き	4
響く	4
頂点	4
項目	4
順々	4
順序	4
領事	4
領収	4
頭脳	4
頼もしい	4
顕微鏡	4
風呂敷	4
風船	4
飛び込む	4
食器	4
食塩	4
飢える	4
飢饉	4
飽くまで	4
餅	4
養分	4
香水	4
騒々しい	4
騒がしい	4
驚かす	4
高層	4
高度	4
高等	4
高級	4
高～	4
麓	4
～い	4
～いち	4
～おしまい	4
～かん	4
～が	4
～がい	4
～がたい	4
～がち	4
～がはえる	4
～き	4
～きょう	4
～きる	4
～きれ	4
～ぎみ	4
～ぎょう	4
～くち	4
～け	4
～けい	4
～こう	4
～こく	4
～ごう	4
～ごと	4
～し	4
～しつ	4
～しゃ	4
～しゅ	4
～しゅう	4
～しょ	4
～しょう	4
～しょく	4
～じかんめ	4
～じつ	4
～じょ	4
～じょう	4
～すぎる	4
～ずみ	4
～せき	4
～せん	4
～ぜん	4
～そい	4
～そう	4
～そく	4
～だらけ	4
～だん	4
～ちゃく	4
～ちょうめ	4
～つう	4
～つづく	4
～づかい	4
～づらい	4
～てき	4
～てん	4
～とう	4
～とおり	4
～ところ	4
～どう	4
～ない	4
～ねんせい	4
～はく	4
～はつ	4
～ばんめ	4
～ひ	4
～びょう	4
～ふう	4
～ぶ	4
～ぶり	4
～へん	4
～べん	4
～ほ	4
～ほう	4
～ぽい	4
～みたい	4
～むけ	4
～めい	4
～もち	4
～もん	4
～ら	4
～りゅう	4
～りょう	4
～りょく	4
～ろん	4
～わ	4
～丁目	4
～下	4
～付	4
～位	4
～兆	4
～内	4
～切れ	4
～刊	4
～力	4
～勝	4
～化	4
～口	4
～史	4
～号	4
～名	4
～向け	4
～商	4
～問	4
～器	4
～団	4
～国	4
～圏	4
～園	4
～場	4
～外	4
～夜	4
～女	4
～室	4
～寺	4
～山	4
～島	4
～巻	4
～席	4
～帳	4
～年生	4
～庁	4
～弁	4
～形	4
～感	4
～戦	4
～所	4
～手	4
～振り	4
～教	4
～料	4
～時間目	4
～期	4
～条	4
～校	4
～業	4
～機	4
～歌	4
～歩	4
～毎	4
～気味	4
～沿い	4
～泊	4
～流	4
～済	4
～港	4
～滴	4
～点	4
～産	4
～画	4
～番目	4
～畳	4
～病	4
～発	4
～省	4
～着	4
～社	4
～科	4
～等	4
～系	4
～紙	4
～続く	4
～羽	4
～者	4
～船	4
～艘	4
～色	4
～行	4
～論	4
～費	4
～足	4
～車	4
～辛い	4
～通	4
～通り	4
～遍	4
～過ぎる	4
～道	4
～遣い	4
～部	4
～酒	4
～長	4
～間	4
～集	4
～難い	4
～領	4
～頭	4
～風	4
～館	4
あいそう	5
あいだがら	5
あいま	5
あえて	5
あかじ	5
あかす	5
あからむ	5
あがり	5
あきらめ	5
あくどい	5
あこがれ	5
あご	5
あさましい	5
あざ	5
あざむく	5
あざやか	5
あざわらう	5
あしからず	5
あじわい	5
あせる	5
あたい	5
あたいする	5
あっか	5
あっけない	5
あっさり	5
あっせん	5
あっとう	5
あっぱく	5
あつかい	5
あつらえる	5
あつりょく	5
あて	5
あてじ	5
あとつぎ	5
あとまわし	5
あぶらえ	5
あべこべ	5
あまえる	5
あまくち	5
あまぐ	5
あみ	5
あやつる	5
あやふや	5
あやぶむ	5
あやまち	5
あゆみ	5
あゆむ	5
あらかじめ	5
あらす	5
あらそい	5
あらたまる	5
あらっぽい	5
あられ	5
ありさま	5
ありのまま	5
ありふれる	5
あわす	5
あんさつ	5
あんざん	5
あんじ	5
あんじる	5
あんせい	5
あんのじょう	5
いいかげん	5
いいわけ	5
いい加減	5
いえで	5
いかす	5
いかに	5
いかにも	5
いきがい	5
いきごむ	5
いきちがい	5
いくせい	5
いくた	5
いける	5
いざ	5
いしょう	5
いじゅう	5
いじる	5
いせい	5
いせき	5
いぞん	5
いたく	5
いたって	5
いたわる	5
いちがいに	5
いちじるしい	5
いちどう	5
いちぶぶん	5
いちべつ	5
いちめん	5
いちもく	5
いちよう	5
いちりつ	5
いちれん	5
いっかつ	5
いっき	5
いっきょに	5
いっけん	5
いっさい	5
いっしん	5
いっそ	5
いっぺん	5
いとなむ	5
いどむ	5
いなびかり	5
いのり	5
いびき	5
いまさら	5
いまだ	5
いみん	5
いやいや	5
いやしい	5
いやに	5
いやらしい	5
いよく	5
いりょく	5
いるい	5
いろん	5
いんかん	5
いんき	5
いんきょ	5
うかる	5
うけいれ	5
うけいれる	5
うけつぐ	5
うけつける	5
うけとめる	5
うけみ	5
うけもち	5
うごき	5
うずめる	5
うそつき	5
うたたね	5
うたた寝	5
うちあける	5
うちきる	5
うちけし	5
うちこむ	5
うちわ	5
うちわけ	5
うったえ	5
うっとうしい	5
うつし	5
うつむく	5
うつろ	5
うつわ	5
うてん	5
うでまえ	5
うながす	5
うぬぼれ	5
うまれつき	5
うまを～	5
うめこむ	5
うめぼし	5
うらがえし	5
うりだし	5
うりだす	5
うるおう	5
うわき	5
うわまわる	5
うわる	5
うんえい	5
うんざり	5
うんそう	5
うんちん	5
うんぬん	5
うんぱん	5
うんめい	5
うんゆ	5
うんよう	5
えいしゃ	5
えいじ	5
えいぞう	5
えいゆう	5
えつらん	5
えもの	5
えり	5
えんかつ	5
えんがわ	5
えんがん	5
えんきょく	5
えんしゅつ	5
えんじる	5
えんずる	5
えんせん	5
えんだん	5
えんぽう	5
えんまん	5
おいこむ	5
おいだす	5
おいて	5
おいる	5
おうきゅう	5
おうごん	5
おうしん	5
おうぼ	5
おおかた	5
おおがら	5
おおげさ	5
おおすじ	5
おおぞら	5
おおはば	5
おおまかな	5
おおみず	5
おおやけ	5
おかす	5
おくびょう	5
おくらす	5
おこない	5
おごそか	5
おごる	5
おさまる	5
おさん	5
おしきる	5
おしこむ	5
おしむ	5
おしよせる	5
おせじ	5
おそう	5
おそくとも	5
おそれ	5
おそれいる	5
おだてる	5
おちこむ	5
おちつき	5
おちば	5
おっかない	5
おつ	5
おつかい	5
おてあげ	5
おとずれる	5
おとも	5
おとろえる	5
おどおど	5
おどす	5
おないどし	5
おのずから	5
おびえる	5
おびただしい	5
おびやかす	5
おびる	5
おふくろ	5
おぼえ	5
おまけ	5
おみや	5
おむつ	5
おもいつき	5
おもむき	5
おもむく	5
おもんじる	5
おもんずる	5
おやじ	5
および	5
およぶ	5
おり	5
おりかえす	5
おりもの	5
おれ	5
おろか	5
おろそか	5
おんぶ	5
おんわ	5
お使い	5
お供	5
お宮	5
お手上げ	5
お産	5
お袋	5
かいあく	5
かいうん	5
かいかく	5
かいがら	5
かいきゅう	5
かいきょう	5
かいけん	5
かいご	5
かいさい	5
かいしゅう	5
かいじゅう	5
かいじょ	5
かいそう	5
かいたく	5
かいてい	5
かいどう	5
かいにゅう	5
かいはつ	5
かいばつ	5
かいぼう	5
かいらん	5
かいりゅう	5
かいりょう	5
かいろ	5
かえりみる	5
かおつき	5
かかげる	5
かかと	5
かがい	5
かきとる	5
かきまわす	5
かくさ	5
かくさん	5
かくしゅ	5
かくしゅう	5
かくしん	5
かくてい	5
かくとく	5
かくほ	5
かくめい	5
かけ	5
かけあし	5
かけい	5
かけっこ	5
かけ～	5
かごう	5
かさばる	5
かさむ	5
かしら	5
かじょうがき	5
かすか	5
かすむ	5
かする	5
かせい	5
かせき	5
かそ	5
かたこと	5
かたむける	5
かためる	5
かたわら	5
かた～	5
かだん	5
かちく	5
かって	5
かっぱつ	5
かつて	5
かなう	5
かなえる	5
かなづち	5
かなわない	5
かにゅう	5
かねて	5
かばう	5
かふん	5
かぶしき	5
かぶれる	5
かへい	5
かべの～	5
かまえる	5
かみきる	5
かみつ	5
かゆ	5
からだつき	5
からむ	5
かりに	5
かろう	5
かろうじて	5
かわす	5
かわるがわる	5
かんい	5
かんがい	5
かんけつ	5
かんげん	5
かんこく	5
かんご	5
かんさん	5
かんし	5
かんしゅう	5
かんしょく	5
かんじん	5
かんせん	5
かんぜい	5
かんそ	5
かんてん	5
かんど	5
かんぶ	5
かんべん	5
かんぺき	5
かんむりょう	5
かんゆう	5
かんよ	5
かんよう	5
かんらん	5
かんれい	5
かんれき	5
かんろく	5
がいか	5
がいかん	5
がいしょう	5
がいする	5
がいせつ	5
がいとう	5
がいねん	5
がいらい	5
がいりゃく	5
がくげい	5
がくし	5
がくせつ	5
がくふ	5
がけ	5
がっくり	5
がっしょう	5
がっしり	5
がっち	5
がっちり	5
がっぺい	5
がんか	5
がんきゅう	5
がんぐ	5
がんこ	5
がんしょ	5
がんじょう	5
がんせき	5
がんねん	5
がんらい	5
が～	5
きかく	5
きかざる	5
きがい	5
きがね	5
きがる	5
きき	5
ききとり	5
ききめ	5
ききょう	5
きげき	5
きこん	5
きさい	5
きざ	5
きざし	5
きしつ	5
きしむ	5
きじつ	5
きじゅつ	5
きずつく	5
きずつける	5
きせん	5
きぞう	5
きぞく	5
きたえる	5
きたる	5
きだて	5
きちっと	5
きちょうめん	5
きっかり	5
きっちり	5
きっぱり	5
きてい	5
きてん	5
きどう	5
きはん	5
きひん	5
きふう	5
きふく	5
きぼ	5
きまぐれ	5
きまじめ	5
きまつ	5
きまりわるい	5
きめい	5
きゃくしょく	5
きゃくほん	5
きゃしゃ	5
きゃっかん	5
きやく	5
きゅうえん	5
きゅうがく	5
きゅうきょく	5
きゅうくつ	5
きゅうこん	5
きゅうさい	5
きゅうしょく	5
きゅうじ	5
きゅうせん	5
きゅうち	5
きゅうでん	5
きゅうぼう	5
きょうい	5
きょうかん	5
きょうがく	5
きょうくん	5
きょうぐう	5
きょうこう	5
きょうさく	5
きょうざい	5
きょうしゅう	5
きょうしょく	5
きょうじる	5
きょうせい	5
きょうぞん	5
きょうてい	5
きょうど	5
きょうはく	5
きょうめい	5
きょうり	5
きょうれつ	5
きょうわ	5
きょくげん	5
きょくたん	5
きょじゅう	5
きょぜつ	5
きょひ	5
きょよう	5
きよ	5
きよらか	5
きらびやか	5
きりかえ	5
きりゅう	5
きれめ	5
きわめて	5
きんがん	5
きんきゅう	5
きんこう	5
きんじる	5
きんべん	5
きんむ	5
きんもつ	5
きんろう	5
ぎあん	5
ぎきょく	5
ぎけつ	5
ぎじどう	5
ぎせい	5
ぎぞう	5
ぎだい	5
ぎのう	5
ぎゃくてん	5
ぎょうしゃ	5
ぎょうせい	5
ぎょうせき	5
ぎょうむ	5
ぎょせん	5
ぎょそん	5
ぎり	5
ぎわく	5
ぎんみ	5
くいちがう	5
くうかん	5
くうふく	5
くかく	5
くかん	5
くき	5
くぎり	5
くぐる	5
くじ	5
くじびき	5
くすぐったい	5
くちずさむ	5
くちばし	5
くちる	5
くっきり	5
くっせつ	5
くつがえす	5
くびかざり	5
くびわ	5
くみあわせる	5
くみこむ	5
くら	5
くろうと	5
くろじ	5
くんしゅ	5
ぐち	5
ぐっと	5
ぐんかん	5
ぐんしゅう	5
ぐんじ	5
ぐんび	5
ぐんぷく	5
けいか	5
けいかい	5
けいぐ	5
けいげん	5
けいさい	5
けいしゃ	5
けいせい	5
けいそつ	5
けいばつ	5
けいひ	5
けいぶ	5
けいべつ	5
けいれき	5
けいろ	5
けがらわしい	5
けだもの	5
けっかく	5
けっさん	5
けっしょう	5
けっせい	5
けっそく	5
けつ	5
けつい	5
けつぎ	5
けつごう	5
けつだん	5
けつぼう	5
けとばす	5
けなす	5
けむたい	5
けむる	5
けもの	5
けらい	5
けんい	5
けんぎょう	5
けんげん	5
けんざい	5
けんしょう	5
けんじ	5
けんぜん	5
けんち	5
けんやく	5
けんよう	5
けんりょく	5
げい	5
げきだん	5
げきれい	5
げっしゃ	5
げっそり	5
げっぷ	5
げり	5
げんけい	5
げんさく	5
げんしゅ	5
げんしょ	5
げんそ	5
げんそく	5
げんぞう	5
げんち	5
げんてい	5
げんてん	5
げんばく	5
げんぶん	5
げんみつ	5
げんゆ	5
げんろん	5
こいする	5
こうい	5
こうがく	5
こうきょ	5
こうげん	5
こうこうと	5
こうこがく	5
こうご	5
こうさく	5
こうざん	5
こうしょう	5
こうしん	5
こうしんりょう	5
こうじゅつ	5
こうじょ	5
こうずい	5
こうぜん	5
こうたく	5
こうだん	5
こうどく	5
こうにゅう	5
こうにん	5
こうねつひ	5
こうばい	5
こうふ	5
こうぼ	5
こうみょう	5
こうり	5
こうりつ	5
こえが～	5
こがら	5
こぎって	5
こくさん	5
こくてい	5
こくはく	5
こくぼう	5
こくゆう	5
こくれん	5
こげちゃ	5
ここち	5
こころえ	5
こころがけ	5
こころがける	5
こころざし	5
こころざす	5
こころづよい	5
こころぼそい	5
こころみ	5
こころみる	5
こころよい	5
こじ	5
こじれる	5
こずえ	5
こせい	5
こせき	5
こたつ	5
こだい	5
こだわる	5
こちょう	5
こっけい	5
こっこう	5
こっとうひん	5
こつ	5
こてい	5
ことがら	5
ことごとく	5
ことづけ	5
ことに	5
こどく	5
こどもを～	5
こなごな	5
このましい	5
こべつ	5
こまやか	5
こめる	5
こもる	5
こゆう	5
こよみ	5
こらす	5
こりつ	5
こりる	5
こる	5
こんき	5
こんきょ	5
こんけつ	5
こんちゅう	5
こんてい	5
こんどう	5
こんぽん	5
ごい	5
ごうい	5
ごうぎ	5
ごうせい	5
ごえい	5
ごくらく	5
ごげん	5
ごさ	5
ございます	5
ごばん	5
ごまかす	5
ごらんなさい	5
さいかい	5
さいがい	5
さいく	5
さいくつ	5
さいけつ	5
さいけん	5
さいげん	5
さいせい	5
さいぜん	5
さいたく	5
さいはつ	5
さいばい	5
さいぼう	5
さいよう	5
さえぎる	5
さえずる	5
さえる	5
さお	5
さかえる	5
さかずき	5
さかだち	5
さがく	5
さきに	5
さぎ	5
さくげん	5
さくご	5
さくせん	5
さけび	5
ささげる	5
さしかかる	5
さしず	5
さしだす	5
さしつかえる	5
さする	5
さずける	5
さぞ	5
さぞや。さぞかし	5
さだまる	5
さだめる	5
さっきゅう	5
さっする	5
さっと	5
さっぱりする	5
さつじん	5
さとる	5
さなか	5
さほど	5
さま	5
さむけ	5
さむらい	5
さも	5
さよう	5
さらう	5
さんがく	5
さんきゅう	5
さんぎいん	5
さんご	5
さんしゅつ	5
さんしょう	5
さんじょう	5
さんばし	5
さんび	5
さんふじんか	5
さんぶつ	5
さんぷく	5
さんみゃく	5
ざい	5
ざいげん	5
ざいこ	5
ざいせい	5
ざだんかい	5
ざっか	5
ざつ	5
ざつだん	5
ざひょう	5
ざんきん	5
ざんこく	5
ざんだか	5
しあがり	5
しあげ	5
しあげる	5
しいく	5
しいて	5
しいる	5
しいれる	5
しか	5
しかけ	5
しかける	5
しかしながら	5
しきさい	5
しきじょう	5
しきたり	5
しきる	5
しきん	5
しくじる	5
しくみ	5
しけい	5
しける	5
しこう	5
しさつ	5
しさん	5
ししゅう	5
しじ	5
しじょう	5
しずく	5
しずめる	5
しせつ	5
しそく	5
したう	5
したごころ	5
したしむ	5
したしらべ	5
したじ	5
したてる	5
したどり	5
したび	5
しっかく	5
しっきゃく	5
しっそ	5
しっちょう	5
しっと	5
しつぎ	5
しつけ	5
しつける	5
してき	5
しとやか	5
しなびる	5
しなやか	5
しにょう	5
しのぐ	5
しはつ	5
しば	5
しぶつ	5
しぶとい	5
しほう	5
しまつ	5
しみる	5
しゃこう	5
しゃぜつ	5
しゃたく	5
しゃみせん	5
しゃめん	5
しゃれる	5
しや	5
しゅ	5
しゅうえき	5
しゅうがく	5
しゅうき	5
しゅうぎいん	5
しゅうぎょう	5
しゅうけい	5
しゅうげき	5
しゅうし	5
しゅうしゅう	5
しゅうじつ	5
しゅうじゃく	5
しゅうちゃく	5
しゅうよう	5
しゅえい	5
しゅえん	5
しゅかん	5
しゅぎょう	5
しゅくが	5
しゅくめい	5
しゅけん	5
しゅげい	5
しゅさい	5
しゅざい	5
しゅし	5
しゅしょく	5
しゅじゅ	5
しゅじんこう	5
しゅたい	5
しゅだい	5
しゅっけつ	5
しゅっさん	5
しゅっしゃ	5
しゅっしょう	5
しゅっせ	5
しゅっせい	5
しゅっぴ	5
しゅっぴん	5
しゅつえん	5
しゅつげん	5
しゅつだい	5
しゅつどう	5
しゅどう	5
しゅにん	5
しゅのう	5
しゅび	5
しゅほう	5
しゆう	5
しょうきょ	5
しょうげき	5
しょうげん	5
しょうこ	5
しょうごう	5
しょうさい	5
しょうしん	5
しょうする	5
しょうそく	5
しょうだく	5
しょうちょう	5
しょうにか	5
しょうり	5
しょうれい	5
しょくいん	5
しょくみんち	5
しょくむ	5
しょくん	5
しょざい	5
しょじ	5
しょぞく	5
しょち	5
しょっちゅう	5
しょてい	5
しょとく	5
しょはん	5
しょばつ	5
しょひょう	5
しょぶん	5
しょみん	5
しょむ	5
しょゆう	5
しようにん	5
しらべ	5
しるす	5
しれい	5
しんか	5
しんぎ	5
しんこん	5
しんさ	5
しんし	5
しんしゅつ	5
しんじつ	5
しんじゃ	5
しんじゅ	5
しんじゅう	5
しんじょう	5
しんじん	5
しんぜん	5
しんそう	5
しんちく	5
しんてい	5
しんてん	5
しんでん	5
しんど	5
しんどう	5
しんにゅうせい	5
しんにん	5
しんぴ	5
しんぼう	5
しんりゃく	5
しんりょう	5
じかく	5
じが	5
じぎょう	5
じく	5
じこう	5
じこくひょう	5
じごく	5
じさ	5
じざい	5
じしゅ	5
じしょく	5
じぜん	5
じそんしん	5
じぞく	5
じっか	5
じっくり	5
じっせん	5
じったい	5
じっぴ	5
じつ	5
じつぎょうか	5
じぬし	5
じびか	5
じもと	5
じゃく	5
じゃっかん	5
じゃり	5
じゅうぎょういん	5
じゅうじ	5
じゅうじつ	5
じゅうじろ	5
じゅうなん	5
じゅうふく	5
じゅうらい	5
じゅく	5
じゅもく	5
じゅりつ	5
じゅんきゅう	5
じゅんじる	5
じょうい	5
じょうえん	5
じょうか	5
じょうくう	5
じょうしょ	5
じょうしょう	5
じょうせい	5
じょうちょ	5
じょうねつ	5
じょうほ	5
じょうやく	5
じょうりく	5
じょうりゅう	5
じょがい	5
じょげん	5
じょこう	5
じょどうし	5
じりつ	5
じん	5
じんかく	5
じんざい	5
じんそく	5
じんたい	5
じんみん	5
すい	5
すいげん	5
すいしん	5
すいそう	5
すいそく	5
すいでん	5
すいり	5
すうし	5
すうはい	5
すえつける	5
すえる	5
すがすがしい	5
すくい	5
すこやか	5
すすぐ	5
すすみ	5
すそ	5
すばしこい	5
すばやい	5
すます	5
すみやか	5
すれちがい	5
すれる	5
すんなり	5
ずばり	5
ずぶぬれ	5
ずらっと	5
ずるずる	5
ずれ	5
せいいく	5
せいか	5
せいかい	5
せいぎ	5
せいけい	5
せいけん	5
せいさい	5
せいざ	5
せいし	5
せいしゅん	5
せいじつ	5
せいじゅく	5
せいじゅん	5
せいじょう	5
せいする	5
せいぜん	5
せいだい	5
せいだく	5
せいてい	5
せいてき	5
せいてつ	5
せいてん	5
せいふく	5
せいほう	5
せいみつ	5
せいやく	5
せいりょく	5
せいれつ	5
せかす	5
せがれ	5
せきむ	5
せじ	5
せたい	5
せだい	5
せっかい	5
せっしょく	5
せっち	5
せっちゅう	5
せってい	5
せっとく	5
せつじつ	5
せつぞくし	5
せつない	5
せつりつ	5
せめ	5
せろん	5
せんい	5
せんきょう	5
せんげん	5
せんさい	5
せんじゅつ	5
せんすい	5
せんだい	5
せんだって	5
せんちゃく	5
せんてんてき	5
せんにゅう	5
せんぱく	5
せんよう	5
せんりょう	5
せんりょく	5
ぜいむしょ	5
ぜせい	5
ぜっぱん	5
ぜんかい	5
ぜんせい	5
ぜんてい	5
ぜんと	5
ぜんめつ	5
ぜんりょう	5
ぜんれい	5
そうおう	5
そうかい	5
そうかん	5
そうきゅう	5
そうきん	5
そうこう	5
そうごう	5
そうしょく	5
そうたい	5
そうだい	5
そうどう	5
そうなん	5
そうば	5
そうび	5
そうりつ	5
そえる	5
そくざに	5
そくしん	5
そくする	5
そくばく	5
そくめん	5
そこなう	5
そこら	5
そざい	5
そし	5
そしょう	5
そだち	5
そち	5
そっけない	5
そっぽ	5
そなえつける	5
そなわる	5
そびえる	5
そぼく	5
そまる	5
そむく	5
そめる	5
そらす	5
そり	5
それゆえ	5
そろい	5
そんしつ	5
そんぞく	5
ぞうき	5
ぞうきょう	5
ぞうしょう	5
ぞうしん	5
ぞんざい	5
たいおう	5
たいか	5
たいかく	5
たいがい	5
たいきん	5
たいぐう	5
たいけつ	5
たいけん	5
たいこう	5
たいしゅう	5
たいしょ	5
たいしょく	5
たいじ	5
たいだん	5
たいとう	5
たいのう	5
たいひ	5
たいぶ	5
たいぼう	5
たいまん	5
たいめん	5
たいりょく	5
たいわ	5
たえる	5
たきび	5
たくましい	5
たくみ	5
たしざん	5
たすうけつ	5
たすけ	5
たずさわる	5
ただよう	5
たちさる	5
たちよる	5
たっしゃ	5
たっせい	5
たてかえる	5
たてまえ	5
たてまつる	5
たどうし	5
たどりつく	5
たどる	5
たばねる	5
たほう	5
たぼう	5
たまう	5
たましい	5
たまり	5
たまわる	5
たもつ	5
たやすい	5
たよう	5
たるみ	5
たるむ	5
たれる	5
たんいつ	5
たんか	5
たんけん	5
たんしゅく	5
たんそ	5
たんだい	5
たんちょう	5
たんどく	5
たんぱ	5
たんぱくしつ	5
だいする	5
だいたん	5
だいなし	5
だいべん	5
だいほん	5
だいよう	5
だかい	5
だきょう	5
だけつ	5
だげき	5
ださく	5
だっこ	5
だっしゅつ	5
だっする	5
だったい	5
だったら	5
だと	5
だぶだぶ	5
だるい	5
だんけつ	5
だんげん	5
だんぜん	5
だんな	5
だんめん	5
だんりょく	5
ちあん	5
ちがえる	5
ちくさん	5
ちくしょう	5
ちくせき	5
ちけい	5
ちせい	5
ちぢまる	5
ちっそく	5
ちつじょ	5
ちてき	5
ちゃくしゅ	5
ちゃくしょく	5
ちゃくせき	5
ちゃくもく	5
ちゃくりく	5
ちゃっこう	5
ちゃのま	5
ちゃのゆ	5
ちやほや	5
ちゅうがえり	5
ちゅうけい	5
ちゅうこく	5
ちゅうすう	5
ちゅうせん	5
ちゅうだん	5
ちゅうどく	5
ちゅうふく	5
ちゅうりつ	5
ちゅうわ	5
ちょう	5
ちょういん	5
ちょうかく	5
ちょうかん	5
ちょうこう	5
ちょうしゅう	5
ちょうしんき	5
ちょうてい	5
ちょうふく	5
ちょうへん	5
ちょうほう	5
ちょうり	5
ちょうわ	5
ちょくちょく	5
ちょくめん	5
ちょしょ	5
ちょちく	5
ちょっかん	5
ちょめい	5
ちらっと	5
ちりとり	5
ちんぎん	5
ちんでん	5
ちんぼつ	5
ちんもく	5
ちんれつ	5
ついきゅう	5
ついせき	5
ついほう	5
ついやす	5
ついらく	5
つうかん	5
つうじょう	5
つうせつ	5
つえ	5
つかいみち	5
つかえる	5
つかさどる	5
つかのま	5
つかの間	5
つきなみ	5
つきる	5
つぎめ	5
つくす	5
つくづく	5
つくり	5
つくろう	5
つけくわえる	5
つげる	5
つじつま	5
つっつく	5
つっぱる	5
つつ	5
つつく	5
つつしむ	5
つとまる	5
つとめさき	5
つとめて	5
つなみ	5
つねる	5
つの	5
つのる	5
つば	5
つぶやく	5
つぶら	5
つぶる	5
つぼ	5
つぼみ	5
つらなる	5
つらぬく	5
つらねる	5
つりかわ	5
つりがね	5
てあて	5
ていきょう	5
ていぎ	5
ていけい	5
ていさい	5
ていしょく	5
ていじ	5
ていせい	5
ていたい	5
ていたく	5
ていねん	5
ていぼう	5
ておくれ	5
てかず	5
てがかり	5
てがける	5
てがる	5
てきおう	5
てきぎ	5
てきせい	5
てぎわ	5
てじゅん	5
てじょう	5
てすう	5
てぢか	5
てっきり	5
てっこう	5
てっする	5
てっぺん	5
てつぼう	5
てのひら	5
てはい	5
てはず	5
てびき	5
てほん	5
てまわし	5
てもと	5
てりかえす	5
てわけ	5
てんか	5
てんかん	5
てんきょ	5
てんきん	5
てんけん	5
てんごく	5
てんさい	5
てんじ	5
てんじる	5
てんずる	5
てんせん	5
てんたい	5
てんち	5
てんで	5
てんにん	5
てんぼう	5
てんらく	5
でかい	5
できもの	5
でくわす	5
でなおし	5
でんえん	5
でんげん	5
でんせつ	5
でんたつ	5
でんらい	5
といあわせる	5
とうき	5
とうきゅう	5
とうぎ	5
とうこう	5
とうごう	5
とうし	5
とうせい	5
とうせん	5
とうそう	5
とうそつ	5
とうたつ	5
とうち	5
とうてい	5
とうとい	5
とうとぶ	5
とうにゅう	5
とうにん	5
とうぼう	5
とうみん	5
とうろく	5
とうろん	5
とう～	5
とおざかる	5
とおまわり	5
とかく	5
とがめる	5
ときおり	5
とぎれる	5
とくぎ	5
とくさん	5
とくしゅう	5
とくてん	5
とくは	5
とくゆう	5
とぐ	5
とげ	5
とげる	5
としごろ	5
とじまり	5
とじょう	5
とだえる	5
とっきょ	5
とっけん	5
とっさに	5
とって	5
とっぱ	5
とつじょ	5
ととのえる	5
とどけ	5
とどこおる	5
とどめる	5
となえる	5
とのさま	5
とびら	5
とほ	5
とぼける	5
とぼしい	5
とみ	5
とむ	5
ともかせぎ	5
ともなう	5
ともばたらき	5
とりあえず	5
とりあつかい	5
とりあつかう	5
とりい	5
とりかえ	5
とりくむ	5
とりしまり	5
とりしまる	5
とりしらべる	5
とりたてる	5
とりつぐ	5
とりつける	5
とりのぞく	5
とりひき	5
とりまく	5
とりまぜる	5
とりもどす	5
とりよせる	5
とろける	5
とんだ	5
とんや	5
どうい	5
どういん	5
どうかん	5
どうき	5
どうきゅう	5
どうきょ	5
どうこう	5
どうじょう	5
どうちょう	5
どうてき	5
どうとう	5
どうどう	5
どうにか	5
どうにゅう	5
どうふう	5
どうめい	5
どうやら	5
どうりょく	5
どくさい	5
どくじ	5
どくせん	5
どくそう	5
どだい	5
どて	5
どひょう	5
どぶ	5
どぼく	5
どわすれ	5
どんかん	5
ないかく	5
ないし	5
ないしょ	5
ないしん	5
ないぞう	5
ないぶ	5
ないらん	5
ないりく	5
なえ	5
なおさら	5
なかほど	5
ながし	5
ながなが	5
なぎさ	5
なげく	5
なげだす	5
なこうど	5
なごやか	5
なごり	5
なさけ	5
なさけない	5
なさけぶかい	5
なじる	5
なだかい	5
なだれ	5
なつく	5
なづける	5
なにげない	5
なにとぞ	5
なにより	5
なふだ	5
なまぐさい	5
なまぬるい	5
なまみ	5
なまり	5
なめらか	5
なめる	5
なやましい	5
なやます	5
なやみ	5
ならびに	5
なりたつ	5
なるたけ	5
なれ	5
なれなれしい	5
なんだか	5
なんだかんだ	5
なんなり	5
にかよう	5
にきび	5
にぎわう	5
にくしみ	5
にくしん	5
にくたい	5
にげだす	5
にしび	5
にじむ	5
にせもの	5
にせ物	5
にちや	5
にづくり	5
になう	5
にぶる	5
にもかかわらず	5
にも関わらず	5
にゅうしゅ	5
にゅうしょう	5
にゅうよく	5
にょう	5
にんしき	5
にんしん	5
にんむ	5
にんめい	5
ぬかす	5
ぬけだす	5
ぬし	5
ぬま	5
ねいろ	5
ねうち	5
ねかせる	5
ねじまわし	5
ねじれる	5
ねたむ	5
ねだる	5
ねっとう	5
ねつい	5
ねつりょう	5
ねばり	5
ねばる	5
ねびき	5
ねまわし	5
ねむたい	5
ねん	5
ねんが	5
ねんがん	5
ねんごう	5
ねんしょう	5
ねんちょう	5
ねんりょう	5
ねんりん	5
のうこう	5
のうじょう	5
のうち	5
のうにゅう	5
のがす	5
のがれる	5
のきなみ	5
のぞましい	5
のっとる	5
のどか	5
ののしる	5
のべ	5
のみこむ	5
のりこむ	5
はあく	5
はいき	5
はいきゅう	5
はいぐうしゃ	5
はいけい	5
はいご	5
はいし	5
はいしゃく	5
はいじょ	5
はいすい	5
はいせん	5
はいち	5
はいふ	5
はいぶん	5
はいぼく	5
はいりょ	5
はいれつ	5
はかい	5
はかどる	5
はかない	5
はき	5
はくがい	5
はくじゃく	5
はくじょう	5
はぐ	5
はけん	5
はげます	5
はげむ	5
はげる	5
はしわたし	5
はじ	5
はじく	5
はじらう	5
はじる	5
はじを	5
はずむ	5
はそん	5
はたく	5
はたす	5
はだし	5
はちみつ	5
はっくつ	5
はっせい	5
はついく	5
はつが	5
はつげん	5
はつびょう	5
はつみみ	5
はて	5
はてる	5
はなしの～	5
はなはだ	5
はなばなしい	5
はなびら	5
はなやか	5
はなを～	5
はばむ	5
はま	5
はまべ	5
はまる	5
はやめる	5
はらだち	5
はらっぱ	5
はらはら	5
はりがみ	5
はるか	5
はれつ	5
はんかん	5
はんが	5
はんきょう	5
はんけつ	5
はんげき	5
はんしゃ	5
はんしょく	5
はんじょう	5
はんする	5
はんてい	5
はんのう	5
はんぱ	5
はんぱつ	5
はんらん	5
ばいきん	5
ばいしょう	5
ばいりつ	5
ばい菌	5
ばかばかしい	5
ばくぜん	5
ばくだん	5
ばくは	5
ばくろ	5
ばける	5
ばてる	5
ばらまく	5
ばんにん	5
ばんねん	5
ばんのう	5
ひいては	5
ひかえしつ	5
ひかえる	5
ひかん	5
ひきあげる	5
ひきいる	5
ひきおこす	5
ひきさげる	5
ひきずる	5
ひきとる	5
ひけつ	5
ひごろ	5
ひさしい	5
ひさん	5
ひしょ	5
ひじゅう	5
ひずむ	5
ひそか	5
ひたす	5
ひたすら	5
ひだりきき	5
ひっかく	5
ひっしゅう	5
ひってき	5
ひつぜん	5
ひといき	5
ひとかげ	5
ひとがら	5
ひとけ	5
ひところ	5
ひとじち	5
ひとすじ	5
ひとめ	5
ひどり	5
ひな	5
ひなた	5
ひなまつり	5
ひなん	5
ひのまる	5
ひばな	5
ひび	5
ひめい	5
ひやかす	5
ひやけ	5
ひょうご	5
ひょっと	5
ひらたい	5
ひりつ	5
ひるめし	5
ひれい	5
ひんこん	5
ひんしつ	5
ひんしゅ	5
ひんじゃく	5
ひんぱん	5
び	5
びしょう	5
びじゅつ	5
びっしょり	5
びょうしゃ	5
びら	5
びり	5
びりょう	5
びんかん	5
びんぼう	5
ふい	5
ふう	5
ふうさ	5
ふうしゃ	5
ふうしゅう	5
ふうぞく	5
ふうど	5
ふかけつ	5
ふきつ	5
ふきょう	5
ふくごう	5
ふくめん	5
ふくれる	5
ふけいき	5
ふこく	5
ふさわしい	5
ふざい	5
ふしょう	5
ふしん	5
ふじゅん	5
ふたん	5
ふだ	5
ふちょう	5
ふっかつ	5
ふっきゅう	5
ふっこう	5
ふっとう	5
ふとう	5
ふどうさん	5
ふにん	5
ふはい	5
ふひょう	5
ふふく	5
ふへん	5
ふまえる	5
ふみこむ	5
ふめい	5
ふよう	5
ふらふら	5
ふりかえる	5
ふりだし	5
ふりょう	5
ふりょく	5
ふるわせる	5
ふろく	5
ふんがい	5
ふんしつ	5
ふんしゅつ	5
ふんそう	5
ふんだん	5
ふんとう	5
ふんまつ	5
ぶか	5
ぶかぶか	5
ぶじょく	5
ぶそう	5
ぶっし	5
ぶったい	5
ぶつぎ	5
ぶつぞう	5
ぶなん	5
ぶもん	5
ぶらぶら	5
ぶりょく	5
ぶれい	5
ぶんかざい	5
ぶんぎょう	5
ぶんご	5
ぶんさん	5
ぶんし	5
ぶんしょ	5
ぶんたん	5
ぶんぱい	5
ぶんぼ	5
ぶんり	5
ぶんれつ	5
へいさ	5
へいし	5
へいじょう	5
へいほう	5
へいれつ	5
へきえき	5
へだたる	5
へり	5
へりくだる	5
へんかく	5
へんかん	5
へんけん	5
へんさい	5
へんせん	5
へんとう	5
へんどう	5
べんかい	5
べんぎ	5
べんご	5
べんしょう	5
べんろん	5
ぺこぺこ	5
ほ	5
ほいく	5
ほうあん	5
ほうかい	5
ほうけん	5
ほうさく	5
ほうし	5
ほうしき	5
ほうしゃ	5
ほうしゃのう	5
ほうしゅう	5
ほうしゅつ	5
ほうじる	5
ほうずる	5
ほうち	5
ほうてい	5
ほうどう	5
ほうび	5
ほうむる	5
ほうりこむ	5
ほうりだす	5
ほうわ	5
ほおん	5
ほかく	5
ほかん	5
ほきゅう	5
ほきょう	5
ほげい	5
ほこる	5
ほころびる	5
ほしもの	5
ほしゅ	5
ほし～	5
ほじゅう	5
ほじょ	5
ほそう	5
ほそく	5
ほっさ	5
ほっそく	5
ほっぺた	5
ほとり	5
ほどける	5
ほどこす	5
ほよう	5
ほりょ	5
ほろびる	5
ほろぼす	5
ほんかく	5
ほんかん	5
ほんき	5
ほんごく	5
ほんしつ	5
ほんたい	5
ほんね	5
ほんのう	5
ほんば	5
ほんぶん	5
ほんみょう	5
ぼうえい	5
ぼうか	5
ぼうがい	5
ぼうせき	5
ぼうぜん	5
ぼうちょう	5
ぼうとう	5
ぼうどう	5
ぼうふう	5
ぼうりょく	5
ぼきん	5
ぼくし	5
ぼける	5
ぼこう	5
ぼこく	5
ぼち	5
ぼっしゅう	5
ぼつぼつ	5
ぼつらく	5
ぼやく	5
ぼやける	5
まいぞう	5
まう	5
まうえ	5
まえうり	5
まえおき	5
まかす	5
まかなう	5
まぎらわしい	5
まぎれる	5
まこと	5
まことに	5
まごころ	5
まごつく	5
まさしく	5
まさる	5
ました	5
まして	5
まじえる	5
まじわる	5
ますい	5
またがる	5
まちあわせ	5
まちどおしい	5
まちのぞむ	5
まちまち	5
まっき	5
まっぷたつ	5
まと	5
まとまり	5
まとめ	5
まぬがれる	5
まねき	5
まばたき	5
まひ	5
まゆ	5
まり	5
まるごと	5
まるっきり	5
まるまる	5
まるめる	5
まんげつ	5
まんじょう	5
まんまえ	5
まんまるい	5
みあい	5
みあわせる	5
みおとす	5
みかい	5
みかく	5
みき	5
みぐるしい	5
みこみ	5
みこん	5
みじゅく	5
みじん	5
みすぼらしい	5
みずけ	5
みずを～	5
みせびらかす	5
みせもの	5
みぞ	5
みたす	5
みだす	5
みだれる	5
みちびく	5
みぢか	5
みっしゅう	5
みっせつ	5
みつど	5
みつもり	5
みてい	5
みとおし	5
みなす	5
みなもと	5
みならう	5
みなり	5
みね	5
みのうえ	5
みのがす	5
みのまわり	5
みはからう	5
みはらし	5
みぶり	5
みゃく	5
みれん	5
みわたす	5
みんしゅく	5
みんぞく	5
むいみ	5
むくち	5
むこ	5
むごん	5
むしる	5
むじゃき	5
むすび	5
むすびつき	5
むすびつく	5
むすびつける	5
むせん	5
むだづかい	5
むだん	5
むち	5
むちゃ	5
むちゃくちゃ	5
むなしい	5
むねん	5
むのう	5
むやみに	5
むよう	5
むらがる	5
むろん	5
めいさん	5
めいしょう	5
めいちゅう	5
めいはく	5
めいぼ	5
めいよ	5
めいりょう	5
めいろう	5
めかた	5
めぐみ	5
めぐむ	5
めざましい	5
めざめる	5
めす	5
めつき	5
めつぼう	5
めど	5
めもり	5
めを～	5
めんかい	5
めんじょ	5
めんする	5
めんぼく	5
めんもく	5
もうしいれる	5
もうしこみ	5
もうしで	5
もうしでる	5
もうしぶん	5
もうてん	5
もうれつ	5
もがく	5
もくろく	5
もくろみ	5
もけい	5
もさく	5
もしかして	5
もしくは	5
もたらす	5
もちきり	5
もっか	5
もっぱら	5
もてなす	5
もてる	5
ものずき	5
ものたりない	5
もはや	5
もはん	5
もほう	5
もめる	5
もも	5
もよおす	5
もらす	5
もりあがる	5
もれる	5
もろい	5
もろに	5
や	5
やがい	5
やくしょく	5
やくば	5
やぐ	5
やけに	5
やしき	5
やしなう	5
やしん	5
やすっぽい	5
やすめる	5
やせい	5
やつ	5
やみ	5
ややこしい	5
やりとおす	5
やりとげる	5
やわらげる	5
ゆうい	5
ゆううつ	5
ゆうえき	5
ゆうえつ	5
ゆうぐれ	5
ゆうし	5
ゆうしょくを～	5
ゆうする	5
ゆうずう	5
ゆうせい	5
ゆうせん	5
ゆうどう	5
ゆうび	5
ゆうぼう	5
ゆうぼく	5
ゆうやけ	5
ゆうりょく	5
ゆうれい	5
ゆうわく	5
ゆえ	5
ゆがむ	5
ゆさぶる	5
ゆすぐ	5
ゆとり	5
ゆびさす	5
ゆみ	5
ゆらぐ	5
ゆるむ	5
ゆるめる	5
ゆるやか	5
よういん	5
ようえき	5
ようけん	5
ようしき	5
ようする	5
ようせい	5
ようそう	5
ようひん	5
ようふう	5
ようほう	5
ようぼう	5
よか	5
よかん	5
よきょう	5
よきん	5
よくあつ	5
よくしつ	5
よくせい	5
よくふかい	5
よくぼう	5
よける	5
よげん	5
よこづな	5
よごれ	5
よし	5
よしあし	5
よそみ	5
よち	5
よって	5
よとう	5
よびとめる	5
よふかし	5
よふけ	5
よほど	5
よみあげる	5
よりかかる	5
よりどころ	5
よろん	5
よわる	5
らいじょう	5
らくのう	5
らっか	5
らっかん	5
らんよう	5
りくつ	5
りし	5
りじゅん	5
りせい	5
りそく	5
りったい	5
りっぽう	5
りてん	5
りゃくご	5
りゃくだつ	5
りゅうつう	5
りょういき	5
りょうかい	5
りょうきょく	5
りょうこう	5
りょうしき	5
りょうしつ	5
りょうしょう	5
りょうち	5
りょうど	5
りょうりつ	5
りょかく	5
りょけん	5
りれき	5
りろん	5
りんぎょう	5
るい	5
るいじ	5
るいすい	5
れいこく	5
れいぞう	5
れいたん	5
れんあい	5
れんきゅう	5
れんじつ	5
れんたい	5
れんちゅう	5
れんぽう	5
れんめい	5
ろうすい	5
ろうどく	5
ろうひ	5
ろうりょく	5
ろくな	5
ろこつ	5
ろんぎ	5
ろんり	5
わくせい	5
わざ	5
わざわざ	5
わずらわしい	5
わたりどり	5
わび	5
わぶん	5
わら	5
わりあて	5
わりこむ	5
わるもの	5
われ	5
をさす	5
をつかむ	5
アクセル	5
アプローチ	5
アマチュア	5
アラブ	5
アルカリ	5
アルミ	5
アワー	5
アンコール	5
イェス	5
インターチェンジ	5
インターナショナル	5
インターフォン	5
インテリ	5
インフォメーション	5
インフレ	5
エアメール	5
エレガント	5
エンジニア	5
オリエンテーション	5
オンライン	5
オートマチック	5
カクテル	5
カット	5
カテゴリー	5
カムバック	5
カメラマン	5
カルテ	5
カンニング	5
ガイド	5
ガイドブック	5
ガレージ	5
キャッチ	5
キャリア	5
クイズ	5
クレーン	5
グレー	5
ゲスト	5
コマーシャル	5
コメント	5
コンタクト	5
コントラスト	5
コントロール	5
コンパス	5
コーナー	5
サイクル	5
サイズ	5
サボる	5
サンキュー	5
サンタクロース	5
システム	5
シック	5
シナリオ	5
ショー	5
シート	5
ジャズ	5
ジャンパー	5
ジャンプ	5
ジャンボ	5
ジャンル	5
ジーパン	5
スタジオ	5
スチーム	5
スト	5
ストライキ	5
ストロボ	5
ストロー	5
スプリング	5
スペース	5
スポーツカー	5
スラックス	5
セクション	5
セックス	5
セレモニー	5
センス	5
セール	5
ゼリー	5
ソックス	5
ソロ	5
ソース	5
タイピスト	5
タイマー	5
タイミング	5
タイムリー	5
タイル	5
タレント	5
タワー	5
ダンプ	5
ダース	5
チェンジ	5
チャンネル	5
チームワーク	5
ティシュペーパー	5
テレックス	5
デコレーション	5
デッサン	5
デモンストレーション	5
トラブル	5
トランジスター	5
トーン	5
ドライ	5
ドライクリーニング	5
ドライバー	5
ドライブイン	5
ドリル	5
ナイター	5
ナプキン	5
ナンセンス	5
ニュアンス	5
ニュー	5
ネガ	5
ノイローゼ	5
ハンガー	5
バッジ	5
バッテリー	5
バット	5
バー	5
パジャマ	5
パチンコ	5
パトカー	5
パンク	5
ヒント	5
ビジネス	5
ビールス	5
ファイト	5
ファイル	5
ファン	5
フィルタ	5
フォーム	5
フロント	5
ブザー	5
ブル	5
ブーツ	5
ブーム	5
ベスト	5
ベストセラー	5
ベース	5
ペア	5
ホース	5
ホール	5
ボイコット	5
ボルト	5
ポイント	5
ポジション	5
ポット	5
ポンプ	5
ポーズ	5
マイクロフォン	5
マイ～	5
マーク	5
ミスプリント	5
ミセス	5
ミュージック	5
ムード	5
メディア	5
メロディー	5
メーカー	5
モニター	5
モーテル	5
ヤング	5
ユニフォーム	5
ユニーク	5
ライス	5
ランプ	5
リード	5
ルーズ	5
レギュラー	5
レッスン	5
レディー	5
レバー	5
レンジ	5
レンタカー	5
レントゲン	5
レース	5
ロマンチック	5
ロープ	5
ロープウエイ	5
ワット	5
一切	5
一別	5
一同	5
一変	5
一律	5
一心	5
一息	5
一括	5
一挙に	5
一概に	5
一様	5
一気	5
一目	5
一筋	5
一見	5
一連	5
一部分	5
一面	5
一頃	5
万人	5
万能	5
丈	5
三味線	5
上がり	5
上位	5
上回る	5
上昇	5
上演	5
上空	5
上陸	5
下取り	5
下地	5
下心	5
下火	5
下痢	5
下調べ	5
不動産	5
不可欠	5
不吉	5
不在	5
不審	5
不当	5
不意	5
不振	5
不明	5
不景気	5
不服	5
不況	5
不良	5
不評	5
不調	5
不順	5
与党	5
且つ	5
世代	5
世帯	5
世論	5
世辞	5
両極	5
両立	5
並びに	5
並列	5
中傷	5
中和	5
中断	5
中枢	5
中毒	5
中程	5
中立	5
中継	5
中腹	5
丸々	5
丸ごと	5
丸める	5
主	5
主人公	5
主任	5
主体	5
主催	5
主導	5
主権	5
主演	5
主観	5
主題	5
主食	5
乃至	5
久しい	5
乏しい	5
乗っ取る	5
乗り込む	5
乙	5
乱す	5
乱れる	5
乳	5
了承	5
了解	5
予て	5
予め	5
予感	5
予言	5
争い	5
事前	5
事柄	5
事業	5
事項	5
云々	5
交える	5
交す	5
交わる	5
交互	5
交付	5
交渉	5
人体	5
人影	5
人材	5
人柄	5
人格	5
人民	5
人目	5
人質	5
今更	5
介入	5
介抱	5
介護	5
仏像	5
仕える	5
仕上	5
仕上がり	5
仕上げる	5
仕入れる	5
仕切る	5
仕掛	5
仕掛ける	5
仕立てる	5
仕組	5
他動詞	5
他方	5
付け加える	5
付録	5
代る代る	5
代弁	5
代用	5
仰ぐ	5
仲人	5
任す	5
任務	5
任命	5
企画	5
休める	5
休学	5
休戦	5
会見	5
会談	5
伜	5
伝来	5
伝説	5
伝達	5
伴う	5
似通う	5
体付き	5
体力	5
体格	5
体裁	5
体験	5
何だか	5
何気ない	5
余地	5
余所見	5
余暇	5
余程	5
余興	5
作り	5
作戦	5
作用	5
使い道	5
使命	5
使用人	5
侍	5
依存	5
侮辱	5
侵す	5
侵略	5
便宜	5
促す	5
促進	5
保つ	5
保守	5
保温	5
保管	5
保育	5
保険	5
保養	5
信任	5
信者	5
修士	5
修学	5
修行	5
俺	5
個別	5
個性	5
倍率	5
値する	5
値引き	5
値打ち	5
倹約	5
偏見	5
停滞	5
健やか	5
健全	5
健在	5
側面	5
偽造	5
傍ら	5
備え付ける	5
備わる	5
催す	5
傷付く	5
傷付ける	5
傾ける	5
傾斜	5
優位	5
優先	5
優勢	5
優美	5
優越	5
元年	5
元来	5
元素	5
元首	5
充実	5
兆	5
先だって	5
先代	5
先天的	5
先着	5
光沢	5
光熱費	5
免れる	5
免除	5
入手	5
入浴	5
入賞	5
全快	5
全滅	5
全盛	5
公	5
公募	5
公団	5
公然	5
公用	5
公立	5
公認	5
共働き	5
共和	5
共存	5
共学	5
共感	5
共稼ぎ	5
共鳴	5
兵器	5
兵士	5
具わる	5
兼業	5
兼用	5
内乱	5
内心	5
内緒	5
内蔵	5
内訳	5
内部	5
内閣	5
内陸	5
円満	5
円滑	5
再会	5
再建	5
再現	5
再生	5
再発	5
冒頭	5
写し	5
冬眠	5
冴える	5
冷やかす	5
冷淡	5
冷蔵	5
冷酷	5
凌ぐ	5
凝らす	5
凝る	5
几帳面	5
処分	5
処置	5
処罰	5
凶作	5
出くわす	5
出世	5
出動	5
出品	5
出演	5
出現	5
出生	5
出産	5
出直し	5
出社	5
出血	5
出費	5
出題	5
刃	5
分子	5
分担	5
分散	5
分業	5
分母	5
分裂	5
分配	5
分離	5
切ない	5
切れ目	5
切実	5
切替	5
切開	5
刑罰	5
初版	5
初耳	5
判定	5
判決	5
利子	5
利息	5
利潤	5
利点	5
到底	5
到達	5
制する	5
制定	5
制服	5
制約	5
制裁	5
刺繍	5
削減	5
前例	5
前売	5
前提	5
前置き	5
前途	5
剥ぐ	5
剥げる	5
副	5
割当	5
割込む	5
創刊	5
創立	5
劇団	5
加入	5
加工	5
助け	5
助動詞	5
助言	5
努めて	5
励ます	5
励む	5
労力	5
効き目	5
効率	5
勇敢	5
動き	5
動力	5
動向	5
動員	5
動機	5
動的	5
勘弁	5
務まる	5
勝る	5
勝利	5
勝手	5
募る	5
募金	5
勢力	5
勤め先	5
勤労	5
勤勉	5
勤務	5
勧告	5
勧誘	5
化ける	5
化合	5
化石	5
化繊	5
匹敵	5
区切り	5
区画	5
区間	5
十字路	5
半端	5
卑しい	5
協会	5
協定	5
単一	5
単独	5
単調	5
占領	5
印鑑	5
危ぶむ	5
危害	5
危機	5
即する	5
即座に	5
原っぱ	5
原作	5
原典	5
原則	5
原型	5
原子	5
原形	5
原文	5
原書	5
原油	5
原点	5
原爆	5
厳か	5
厳密	5
参上	5
参照	5
参議院	5
及び	5
及ぶ	5
反する	5
反乱	5
反射	5
反応	5
反感	5
反撃	5
反発	5
反響	5
収まる	5
収容	5
収支	5
収益	5
収集	5
取り付ける	5
取り寄せる	5
取り巻く	5
取り戻す	5
取り扱う	5
取り替え	5
取り次ぐ	5
取り混ぜる	5
取り立てる	5
取り組む	5
取り締まる	5
取り調べる	5
取り除く	5
取引	5
取扱	5
取材	5
取締り	5
受かる	5
受け付ける	5
受け入れ	5
受け入れる	5
受け止める	5
受け継ぐ	5
受持ち	5
受身	5
口吟む	5
口述	5
口頭	5
古代	5
叫び	5
召す	5
台本	5
台無し	5
叶う	5
叶える	5
司る	5
司法	5
各種	5
合わす	5
合併	5
合唱	5
合意	5
合成	5
合致	5
合議	5
合間	5
吊り革	5
同い年	5
同封	5
同居	5
同情	5
同意	5
同感	5
同盟	5
同等	5
同級	5
同調	5
名付ける	5
名札	5
名残	5
名産	5
名称	5
名簿	5
名誉	5
名高い	5
向上	5
君主	5
吟味	5
否決	5
吹奏	5
呆気ない	5
呆然	5
告げる	5
告白	5
呟く	5
周期	5
味わい	5
味覚	5
呼び止める	5
命中	5
和やか	5
和らげる	5
和文	5
品種	5
品質	5
唱える	5
唾	5
問い合わせる	5
問屋	5
善し悪し	5
善良	5
喜劇	5
営む	5
嗜好	5
嘆く	5
嘗める	5
嘘つき	5
嘲笑う	5
嘴	5
噛み切る	5
器	5
噴出	5
回収	5
回覧	5
回路	5
回送	5
団扇	5
団結	5
固める	5
固定	5
固有	5
国交	5
国定	5
国有	5
国産	5
国連	5
国防	5
土俵	5
土台	5
土手	5
土木	5
圧倒	5
圧力	5
圧迫	5
在庫	5
地主	5
地元	5
地形	5
地獄	5
均衡	5
垂れる	5
垢	5
埋め込む	5
埋蔵	5
城下	5
執着	5
基金	5
堂々	5
堤防	5
報じる	5
報ずる	5
報道	5
報酬	5
塵取り	5
塾	5
境遇	5
墓地	5
増強	5
増進	5
墜落	5
壮大	5
売り出し	5
売り出す	5
壷	5
変動	5
変遷	5
変革	5
夕暮れ	5
夕焼け	5
外方	5
外来	5
外相	5
外観	5
外貨	5
多忙	5
多数決	5
多様	5
夜具	5
夜更け	5
夜更し	5
大便	5
大幅	5
大方	5
大柄	5
大概	5
大水	5
大空	5
大筋	5
大胆	5
大衆	5
大部	5
大金	5
天	5
天下	5
天体	5
天国	5
天地	5
天才	5
天災	5
失格	5
失脚	5
失調	5
奉る	5
奉仕	5
奨励	5
奮闘	5
奴	5
好ましい	5
好意	5
好況	5
好評	5
好調	5
妊娠	5
妥協	5
妥結	5
妨害	5
妬む	5
始末	5
始発	5
委託	5
威力	5
婉曲	5
婿	5
嫉妬	5
嫌々	5
子息	5
存続	5
孤児	5
孤独	5
孤立	5
学士	5
学芸	5
学説	5
守備	5
守衛	5
安っぽい	5
安静	5
完ぺき	5
宙返り	5
定まる	5
定める	5
定年	5
定義	5
定食	5
実家	5
実態	5
実業家	5
実費	5
実践	5
客観	5
宣教	5
宣言	5
宮殿	5
害する	5
家出	5
家来	5
家畜	5
家計	5
宿命	5
寄り掛かる	5
寄与	5
寄贈	5
密か	5
密度	5
密接	5
密集	5
富	5
富む	5
富豪	5
寒気	5
寛容	5
寝かせる	5
察する	5
審査	5
審議	5
対処	5
対応	5
対抗	5
対比	5
対決	5
対等	5
対話	5
対談	5
対面	5
封	5
封建	5
封鎖	5
専ら	5
専修	5
専用	5
尊い	5
尊ぶ	5
導く	5
導入	5
小児科	5
小切手	5
小売	5
小柄	5
就業	5
尽きる	5
尽くす	5
尿	5
局限	5
居住	5
屈折	5
届	5
屋敷	5
屎尿	5
展望	5
展示	5
履歴	5
山岳	5
山脈	5
山腹	5
岩石	5
峰	5
崇拝	5
崖	5
崩壊	5
工作	5
工学	5
左利き	5
巧み	5
巧妙	5
差し出す	5
差し掛かる	5
差し支える	5
差額	5
布告	5
布巾	5
帯びる	5
帰京	5
干し物	5
干し～	5
干渉	5
平たい	5
平常	5
平方	5
年号	5
年賀	5
年輪	5
年長	5
年頃	5
幹	5
幹線	5
幹部	5
幽霊	5
幾多	5
庇う	5
度忘れ	5
座標	5
座談会	5
庶務	5
庶民	5
廃棄	5
廃止	5
延べ	5
建前	5
弁償	5
弁解	5
弁論	5
弁護	5
式場	5
弓	5
引きずる	5
引き上げる	5
引き起こす	5
引っ掻く	5
引下げる	5
引取る	5
弛み	5
弛む	5
弱	5
弱る	5
張り紙	5
強	5
強いて	5
強いる	5
強制	5
強烈	5
強硬	5
強行	5
弾む	5
弾力	5
当て	5
当て字	5
当人	5
当選	5
当～	5
形勢	5
形成	5
役場	5
役職	5
往診	5
征服	5
待ち合わせ	5
待ち望む	5
待ち遠しい	5
待望	5
待遇	5
後回し	5
後退	5
徐行	5
徒歩	5
従事	5
従来	5
従業員	5
得点	5
御世辞	5
復旧	5
復活	5
復興	5
微か	5
微塵	5
微笑	5
微量	5
徴収	5
徹する	5
心中	5
心地	5
心強い	5
心得	5
心情	5
心掛け	5
心掛ける	5
心細い	5
必修	5
必然	5
志	5
志す	5
志向	5
応募	5
応急	5
忠告	5
快い	5
念	5
念願	5
思い付き	5
思考	5
怠慢	5
急かす	5
怪獣	5
怯える	5
恋する	5
恋愛	5
恐れ	5
恐れ入る	5
恥	5
恥じらう	5
恥じる	5
恵み	5
恵む	5
悟る	5
悩ましい	5
悩ます	5
悩み	5
悪しからず	5
悪化	5
悪者	5
悲惨	5
悲観	5
悲鳴	5
情け	5
情勢	5
情深い	5
情無い	5
情熱	5
情緒	5
惑星	5
惚ける	5
惜しむ	5
意向	5
意図	5
意欲	5
意気込む	5
愚か	5
愚痴	5
愛想	5
感度	5
感染	5
感無量	5
感触	5
態勢	5
慕う	5
慣れ	5
慣例	5
慣習	5
憂鬱	5
憎しみ	5
憤慨	5
憧れ	5
懐く	5
懲りる	5
懸賞	5
成り立つ	5
成果	5
成熟	5
成育	5
我	5
戦力	5
戦災	5
戦術	5
戦闘	5
戯曲	5
戸籍	5
戸締り	5
所在	5
所定	5
所属	5
所得	5
所持	5
所有	5
扉	5
手元	5
手分け	5
手回し	5
手引	5
手当	5
手掛かり	5
手掛ける	5
手数	5
手本	5
手法	5
手筈	5
手芸	5
手軽	5
手近	5
手遅れ	5
手配	5
手錠	5
手際	5
手順	5
打ち切る	5
打ち明ける	5
打ち消し	5
打ち込む	5
打撃	5
打開	5
扱い	5
扶養	5
承諾	5
技	5
技能	5
把握	5
抑制	5
抑圧	5
投げ出す	5
投入	5
投資	5
抗争	5
抗議	5
折	5
折り返す	5
折衷	5
抜かす	5
抜け出す	5
抱っこ	5
押し切る	5
押し寄せる	5
押し込む	5
抽選	5
担う	5
担架	5
拒否	5
拒絶	5
招き	5
拝借	5
拝啓	5
拡散	5
持ち切り	5
持続	5
指令	5
指図	5
指差す	5
指摘	5
挑む	5
振り出し	5
振り返る	5
振動	5
捕獲	5
捕虜	5
捕鯨	5
捗る	5
捜索	5
捧げる	5
捩れる	5
据える	5
据え付ける	5
授ける	5
掌	5
排水	5
排除	5
掛～	5
採択	5
採掘	5
採決	5
採用	5
採算	5
探検	5
接続詞	5
接触	5
控える	5
控室	5
控除	5
推測	5
推理	5
推進	5
措置	5
掲げる	5
掲載	5
掻き回す	5
揃い	5
描写	5
提供	5
提携	5
提示	5
換算	5
揺さぶる	5
揺らぐ	5
損う	5
損失	5
携わる	5
摩する	5
操る	5
擦れる	5
支持	5
改まる	5
改修	5
改定	5
改悪	5
改良	5
改訂	5
改革	5
攻め	5
放り出す	5
放り込む	5
放出	5
放射	5
放射能	5
放置	5
政権	5
政策	5
故	5
故～	5
敏感	5
救い	5
救援	5
救済	5
敗北	5
敗戦	5
教材	5
教科	5
教習	5
教職	5
教訓	5
敢えて	5
敬具	5
数詞	5
整える	5
整列	5
整然	5
文化財	5
文書	5
文語	5
斑	5
斜面	5
斡旋	5
断える	5
断然	5
断言	5
断面	5
新人	5
新入生	5
新婚	5
新築	5
方式	5
方策	5
於いて	5
施す	5
施行	5
施設	5
旅券	5
旅客	5
既婚	5
日の丸	5
日取り	5
日向	5
日夜	5
日焼け	5
日頃	5
旦那	5
旧知	5
早める	5
早急	5
昆虫	5
昇進	5
明かす	5
明朗	5
明白	5
明瞭	5
星座	5
映像	5
映写	5
是正	5
昼飯	5
時刻表	5
時差	5
時折	5
晩年	5
普遍	5
晴天	5
暗殺	5
暗示	5
暗算	5
暦	5
暴力	5
暴動	5
暴露	5
暴風	5
書き取る	5
書評	5
最善	5
月並	5
月謝	5
月賦	5
有する	5
有り様	5
有力	5
有望	5
有益	5
朗読	5
望ましい	5
期日	5
期末	5
未だ	5
未婚	5
未定	5
未熟	5
未知	5
未練	5
未開	5
末期	5
本体	5
本名	5
本国	5
本場	5
本文	5
本格	5
本気	5
本能	5
本質	5
本音	5
本館	5
朽ちる	5
杖	5
束ねる	5
束縛	5
条約	5
来場	5
杯	5
林業	5
果たす	5
果て	5
果てる	5
染まる	5
染みる	5
染める	5
柔軟	5
栄える	5
株式	5
根回し	5
根底	5
根拠	5
根本	5
根気	5
格差	5
栽培	5
案じる	5
案の定	5
桟橋	5
梅干し	5
梢	5
棄権	5
植わる	5
植民地	5
検事	5
業務	5
業績	5
業者	5
極めて	5
極楽	5
極端	5
楽観	5
楽譜	5
概念	5
概略	5
概説	5
構える	5
構想	5
様式	5
様相	5
標語	5
模倣	5
模型	5
模範	5
模索	5
権力	5
権威	5
権限	5
横綱	5
樹木	5
樹立	5
橋渡し	5
檻	5
欠乏	5
欲	5
欲望	5
欲深い	5
欺く	5
正常	5
正当	5
正義	5
正解	5
武力	5
武装	5
歩み	5
歩む	5
歪む	5
歯科	5
死刑	5
殊に	5
残酷	5
残金	5
残高	5
殺人	5
殿様	5
母国	5
母校	5
比例	5
比率	5
比重	5
民俗	5
民宿	5
民族	5
気まぐれ	5
気兼ね	5
気品	5
気流	5
気立て	5
気象	5
気質	5
気軽	5
気障	5
気風	5
水気	5
水源	5
水田	5
氾濫	5
汚れ	5
決	5
決勝	5
決意	5
決断	5
決算	5
決議	5
汽船	5
沈める	5
沈殿	5
沈没	5
沈黙	5
没収	5
没落	5
河川	5
沸騰	5
油絵	5
治まる	5
治安	5
沼	5
沿岸	5
沿線	5
法学	5
法廷	5
法案	5
洋風	5
洒落る	5
津波	5
洪水	5
活発	5
派遣	5
流し	5
流通	5
浅ましい	5
浜	5
浜辺	5
浪費	5
浮力	5
浮気	5
浴室	5
海峡	5
海抜	5
海流	5
海路	5
海運	5
浸す	5
消去	5
消息	5
液	5
淑やか	5
混同	5
混血	5
添える	5
清ます	5
清らか	5
清濁	5
清純	5
済ます	5
渚	5
渡り鳥	5
温和	5
湿気る	5
満たす	5
満場	5
満月	5
源	5
準じる	5
準急	5
溜まり	5
溝	5
溶液	5
滅びる	5
滅ぼす	5
滅亡	5
滑らか	5
滑稽	5
滞る	5
滞納	5
滲む	5
漁村	5
漁船	5
漂う	5
漏らす	5
漏る	5
漏れる	5
演じる	5
演ずる	5
演出	5
漠然	5
漢語	5
潜入	5
潜水	5
潤う	5
潮	5
澄ます	5
激励	5
濫用	5
濯ぐ	5
灌漑	5
火星	5
火花	5
災害	5
炭素	5
点検	5
点線	5
焚火	5
無効	5
無口	5
無念	5
無意味	5
無断	5
無用	5
無知	5
無礼	5
無線	5
無能	5
無茶	5
無茶苦茶	5
無言	5
無論	5
無邪気	5
無闇に	5
無難	5
無駄遣い	5
焦げ茶	5
焦る	5
煌々と	5
煙たい	5
煙る	5
照り返す	5
照合	5
煩わしい	5
熱意	5
熱湯	5
熱量	5
燃料	5
燃焼	5
爆弾	5
爆破	5
片言	5
片～	5
版画	5
牧師	5
物体	5
物好き	5
物議	5
物資	5
物足りない	5
特技	5
特有	5
特権	5
特派	5
特産	5
特許	5
特集	5
犠牲	5
犯す	5
独創	5
独占	5
独自	5
独裁	5
猛烈	5
獣	5
獲得	5
獲物	5
玄人	5
率いる	5
玩具	5
現像	5
現地	5
現行	5
球根	5
理屈	5
理性	5
理論	5
甘える	5
甘口	5
甚だ	5
生かす	5
生き甲斐	5
生ける, 活ける	5
生まれつき	5
生死	5
生温い	5
生真面目	5
生育	5
生臭い	5
生計	5
生身	5
産休	5
産出	5
産婦人科	5
産後	5
産物	5
用件	5
用品	5
用法	5
用紙	5
田園	5
甲	5
申し入れる	5
申し出る	5
申し分	5
申出	5
申込	5
畜生	5
畜産	5
略奪	5
略語	5
異性	5
異見	5
異論	5
異議	5
疑惑	5
疲労	5
病む	5
痛切	5
痛感	5
発作	5
発掘	5
発生	5
発病	5
発育	5
発芽	5
発言	5
発足	5
登校	5
登録	5
白状	5
皇居	5
盛り上がる	5
盛大	5
盛装	5
監視	5
目付き	5
目方	5
目盛	5
目覚しい	5
目覚める	5
目論見	5
目途	5
目録	5
盲点	5
直感	5
直面	5
相場	5
相対	5
相応	5
省みる	5
眉	5
看護	5
真っ二つ	5
真ん丸い	5
真ん円い	5
真ん前	5
真上	5
真下	5
真実	5
真心	5
真珠	5
真相	5
眠たい	5
眼球	5
眼科	5
着工	5
着席	5
着手	5
着目	5
着色	5
着陸	5
着飾る	5
瞬き	5
矢	5
知性	5
知的	5
短大	5
短歌	5
短気	5
短波	5
短縮	5
砂利	5
研ぐ	5
破壊	5
破損	5
破棄	5
破裂	5
碁盤	5
確保	5
確信	5
確定	5
確立	5
社交	5
社宅	5
祈り	5
祝賀	5
神殿	5
神秘	5
神聖	5
禁じる	5
禁物	5
福祉	5
私有	5
私物	5
秘書	5
秩序	5
称する	5
移住	5
移民	5
移行	5
税務署	5
種々	5
稲光	5
穂	5
究極	5
空しい	5
空ろ	5
空腹	5
空間	5
突っ張る	5
突っ突く	5
突如	5
突破	5
窒息	5
窮乏	5
窮屈	5
立ち去る	5
立ち寄る	5
立て替える	5
立体	5
立方	5
立法	5
竿	5
等級	5
筒	5
箇条書	5
簡易	5
簡潔	5
簡素	5
籠もる	5
粉々	5
粉末	5
粘り	5
粘る	5
粥	5
精密	5
納まる	5
納入	5
紛らわしい	5
紛れる	5
紛争	5
紛失	5
素っ気無い	5
素早い	5
素朴	5
素材	5
紡績	5
細やか	5
細工	5
細胞	5
細菌	5
紳士	5
終始	5
終日	5
組み合わせる	5
組み込む	5
経歴	5
経費	5
経路	5
経過	5
結び	5
結び付き	5
結び付く	5
結び付ける	5
結合	5
結成	5
結晶	5
結束	5
結核	5
絡む	5
給う	5
給仕	5
給食	5
統制	5
統合	5
統治	5
統率	5
絶える	5
絶版	5
継目	5
網	5
綻びる	5
緊急	5
総会	5
総合	5
緩む	5
緩める	5
緩やか	5
緩和	5
練る	5
縁側	5
縁談	5
縮まる	5
繁栄	5
繁殖	5
繁盛	5
繊維	5
織物	5
繕う	5
纏まり	5
纏め	5
罰	5
罵る	5
美	5
美術	5
群がる	5
群衆	5
群集	5
義理	5
老いる	5
老ける	5
老衰	5
考古学	5
耐える	5
耕作	5
耳鼻科	5
耽る	5
聖書	5
聞き取り	5
聳える	5
聴覚	5
聴診器	5
聴講	5
職務	5
職員	5
肉体	5
肉親	5
肝心	5
肝腎	5
育ち	5
育成	5
背く	5
背後	5
背景	5
胴	5
脅す	5
脅迫	5
脆い	5
脈	5
脚本	5
脚色	5
脱する	5
脱出	5
脱退	5
腐敗	5
腕前	5
腫れる	5
腸	5
腹立ち	5
腿	5
膨れる	5
膨張	5
臆病	5
自ずから	5
自主	5
自在	5
自尊心	5
自我	5
自立	5
自覚	5
自転	5
自首	5
興じる	5
興業	5
舗装	5
舞う	5
船舶	5
良し	5
良好	5
良心	5
良識	5
良質	5
色彩	5
芝	5
花びら	5
花を〜	5
花壇	5
花粉	5
芸	5
苗	5
若干	5
英字	5
英雄	5
茎	5
茶の湯	5
茶の間	5
荒っぽい	5
荒らす	5
荷	5
荷造り	5
華々しい	5
華やか	5
華奢	5
萎びる	5
落ち着き	5
落ち込む	5
落下	5
落葉	5
著しい	5
著名	5
著書	5
葬る	5
蒸溜	5
蓄積	5
蔵	5
蔵相	5
蕾	5
薄弱	5
藁	5
蛋白質	5
蜂蜜	5
蝶	5
融資	5
融通	5
衆議院	5
行い	5
行き違い	5
行政	5
行為	5
行進	5
街道	5
街頭	5
衝撃	5
衣装	5
衣類	5
衰える	5
装備	5
装飾	5
裏返し	5
補充	5
補助	5
補強	5
補給	5
補足	5
裸足	5
製法	5
製鉄	5
裾	5
複合	5
褒美	5
襟	5
襲う	5
襲撃	5
西日	5
要する	5
要因	5
要望	5
要請	5
覆す	5
覆面	5
見せびらかす	5
見せ物	5
見なす	5
見合い	5
見合わせる	5
見地	5
見晴らし	5
見渡す	5
見積もり	5
見習う	5
見苦しい	5
見落とす	5
見計らう	5
見込み	5
見逃す	5
見通し	5
規定	5
規格	5
規模	5
規範	5
規約	5
視察	5
視野	5
覚え	5
親しむ	5
親善	5
親父	5
観点	5
観衆	5
観覧	5
解剖	5
解除	5
言い訳	5
言付け	5
言論	5
訂正	5
討論	5
討議	5
記す	5
記名	5
記載	5
記述	5
訪れる	5
設ける	5
設定	5
設立	5
設置	5
許容	5
訴え	5
訴訟	5
診療	5
証拠	5
証言	5
詐欺	5
試み	5
試みる	5
詫び	5
詰る	5
該当	5
詳細	5
誇る	5
誇張	5
認識	5
誘導	5
誘惑	5
語彙	5
語源	5
誠	5
誠に	5
誠実	5
誤る	5
誤差	5
説得	5
読み上げる	5
課外	5
調べ	5
調停	5
調印	5
調和	5
調理	5
論理	5
論議	5
諦め	5
諸君	5
講習	5
講読	5
謝絶	5
謹む	5
警戒	5
警部	5
議事堂	5
議案	5
議決	5
議題	5
譲歩	5
護衛	5
豊作	5
象徴	5
貝殻	5
負かす	5
負債	5
負傷	5
負担	5
財	5
財政	5
財源	5
貧乏	5
貧困	5
貧弱	5
貨幣	5
貫く	5
貫禄	5
責務	5
貯蓄	5
貴い	5
貴族	5
費やす	5
賃金	5
賄う	5
資産	5
資金	5
賑わう	5
賛美	5
賜る	5
賠償	5
賢明	5
質疑	5
質素	5
賭	5
購入	5
購読	5
購買	5
赤らむ	5
赤字	5
走行	5
赴く	5
赴任	5
起伏	5
起点	5
超	5
趣	5
趣旨	5
足し算	5
跡継ぎ	5
踏まえる	5
踏み込む	5
蹴飛ばす	5
身なり	5
身の上	5
身の回り	5
身振り	5
身近	5
躾	5
躾ける	5
軌道	5
軍事	5
軍備	5
軍服	5
軍艦	5
軒並	5
転じる	5
転ずる	5
転任	5
転勤	5
転回	5
転居	5
転換	5
転落	5
軸	5
軽快	5
軽減	5
軽率	5
軽蔑	5
辛抱	5
辞職	5
辟易	5
農地	5
農場	5
農耕	5
込める	5
辿り着く	5
辿る	5
迅速	5
近眼	5
近郊	5
返済	5
返答	5
返還	5
迫害	5
追い出す	5
追い込む	5
追及	5
追放	5
追跡	5
退化	5
退治	5
退職	5
送金	5
逃げ出す	5
逃す	5
逃れる	5
逃亡	5
逃走	5
逆立ち	5
逆転	5
途上	5
途絶える	5
通常	5
造り	5
連なる	5
連ねる	5
連中	5
連休	5
連帯	5
連日	5
連盟	5
連邦	5
進み	5
進出	5
進化	5
進呈	5
進展	5
進度	5
遂げる	5
遅くとも	5
遅らす	5
遊牧	5
運命	5
運営	5
運搬	5
運用	5
運賃	5
運輸	5
運送	5
過ち	5
過労	5
過密	5
過疎	5
道場	5
達成	5
達者	5
違える	5
遠ざかる	5
遠回り	5
遠方	5
遥か	5
適宜	5
適応	5
適性	5
遭難	5
遮る	5
遺跡	5
避難	5
還元	5
還暦	5
邸宅	5
部下	5
部門	5
郷土	5
郷愁	5
郷里	5
配偶者	5
配分	5
配列	5
配布	5
配慮	5
配給	5
配置	5
酪農	5
酸	5
重んじる	5
重んずる	5
重宝	5
重複	5
野外	5
野心	5
野生	5
金槌	5
釣り鐘	5
鈍る	5
鈍感	5
鉄棒	5
鉄鋼	5
鉛	5
鉱山	5
鉱業	5
錯誤	5
鍛える	5
長々	5
長官	5
長編	5
閉口	5
閉鎖	5
開催	5
開拓	5
開発	5
間柄	5
関与	5
関税	5
閲覧	5
闇	5
防火	5
防衛	5
阻む	5
阻止	5
降水	5
限定	5
陣	5
除外	5
陰気	5
陳列	5
陶器	5
階層	5
階級	5
隔たる	5
隔週	5
障る	5
隠居	5
雄	5
集計	5
雌	5
雑	5
雑木	5
雑談	5
雑貨	5
雛	5
雛祭	5
雨具	5
雨天	5
雪崩	5
雫	5
電源	5
震わせる	5
霞む	5
霰	5
露骨	5
青春	5
静止	5
静的	5
非難	5
面する	5
面会	5
面目	5
革命	5
革新	5
鞠	5
音色	5
預金	5
頑丈	5
頑固	5
領土	5
領地	5
領域	5
領海	5
頻繁	5
題する	5
顎	5
顔付き	5
願書	5
類	5
類似	5
類推	5
顧みる	5
風俗	5
風土	5
風習	5
風車	5
食い違う	5
飲み込む	5
飼育	5
飽和	5
養う	5
養護	5
首脳	5
首輪	5
首飾り	5
香辛料	5
馴々しい	5
駄作	5
駆けっこ	5
駆け足	5
騒動	5
驚異	5
骨董品	5
高原	5
高尚	5
魂	5
鮮やか	5
鳥居	5
麻	5
麻痺	5
麻酔	5
黄金	5
黒字	5
～あて	5
～あわせ	5
～えい	5
～かく	5
～かけ	5
～きり	5
～しん	5
～ちょ	5
～どころか	5
～なんか	5
～にのる	5
～は	5
～まし	5
～まみれ	5
～み	5
～もう	5
～やく	5
～ゆ	5
～より	5
～わり	5
～をひく	5
～光	5
～割	5
～合せ	5
～味	5
～営	5
～増し	5
～嬢	5
～宗	5
～宛	5
～寄り	5
～心	5
～掛け	5
～油	5
～派	5
～狂	5
～界	5
～症	5
～網	5
～署	5
～著	5
～薬	5
～街	5
～証	5
