title,subtitle_count,tool,variant,format,elapsed_ms,lines,audio,snapshots,video,jobs
Detour,1018,subs2srs,subs2srs,tsv,362096,1018,1016,1016,1016,1
Detour,1018,vesta,max,tsv,86097,1018,1018,1018,1018,16
Detour,1018,vesta,max,apkg,87957,1018,1018,1018,1018,16
Detour,1018,vesta,single,tsv,279009,1018,1018,1018,1018,1
Detour,1018,vesta,single,apkg,279185,1018,1018,1018,1018,1
Good.Will.Hunting,1755,subs2srs,subs2srs,tsv,1140496,1755,1755,1755,1755,1
Good.Will.Hunting,1755,vesta,max,tsv,217712,1755,1755,1755,1755,16
Good.Will.Hunting,1755,vesta,max,apkg,218916,1755,1755,1755,1755,16
Good.Will.Hunting,1755,vesta,single,tsv,603722,1755,1755,1755,1755,1
Good.Will.Hunting,1755,vesta,single,apkg,602112,1755,1755,1755,1755,1
In.Bruges,1171,subs2srs,subs2srs,tsv,822283,1171,1098,1098,1098,1
In.Bruges,1171,vesta,max,tsv,219609,1171,1171,1171,1171,16
In.Bruges,1171,vesta,max,apkg,218720,1171,1171,1171,1171,16
In.Bruges,1171,vesta,single,tsv,497806,1171,1171,1171,1171,1
In.Bruges,1171,vesta,single,apkg,496872,1171,1171,1171,1171,1
Interstellar,1996,subs2srs,subs2srs,tsv,1320003,1996,1991,1991,1991,1
Interstellar,1996,vesta,max,tsv,317876,1996,1996,1996,1996,16
Interstellar,1996,vesta,max,apkg,315231,1996,1996,1996,1996,16
Interstellar,1996,vesta,single,tsv,777073,1996,1996,1996,1996,1
Interstellar,1996,vesta,single,apkg,778176,1996,1996,1996,1996,1
Snatch,1522,subs2srs,subs2srs,tsv,950439,1522,1465,1465,1465,1
Snatch,1522,vesta,max,tsv,275945,1522,1522,1522,1522,16
Snatch,1522,vesta,max,apkg,276131,1522,1522,1522,1522,16
Snatch,1522,vesta,single,tsv,660427,1522,1522,1522,1522,1
Snatch,1522,vesta,single,apkg,661147,1522,1522,1522,1522,1
Trainspotting,1384,subs2srs,subs2srs,tsv,672513,1384,1174,1174,1174,1
Trainspotting,1384,vesta,max,tsv,167642,1384,1384,1384,1384,16
Trainspotting,1384,vesta,max,apkg,168206,1384,1384,1384,1384,16
Trainspotting,1384,vesta,single,tsv,448473,1384,1384,1384,1384,1
Trainspotting,1384,vesta,single,apkg,449413,1384,1384,1384,1384,1
Uncut Gems,2315,subs2srs,subs2srs,tsv,1307816,2315,2280,2280,2280,1
Uncut Gems,2315,vesta,max,tsv,297154,2315,2315,2315,2315,16
Uncut Gems,2315,vesta,max,apkg,298721,2315,2315,2315,2315,16
Uncut Gems,2315,vesta,single,tsv,863311,2315,2315,2315,2315,1
Uncut Gems,2315,vesta,single,apkg,863736,2315,2315,2315,2315,1
Zootopia,1698,subs2srs,subs2srs,tsv,955422,1698,1684,1684,1684,1
Zootopia,1698,vesta,max,tsv,238439,1698,1698,1698,1698,16
Zootopia,1698,vesta,max,apkg,238843,1698,1698,1698,1698,16
Zootopia,1698,vesta,single,tsv,642617,1698,1698,1698,1698,1
Zootopia,1698,vesta,single,apkg,641121,1698,1698,1698,1698,1
